topic_id,raw_count,assigned_count,n_posts_raw,top_post_share_raw,top_terms,representative_docs,sample_comments_10,top_like_examples,post_diverse_examples,random_examples,risk_flags
1,346,346,27,0.3468208092485549,"遥控, 自主, 自主的, 不是遥控, 有自主的, 都有, 40, 是自主跑的, 有30, 有遥控的","['这个就是自主的，蓝牌子，拿的那个叫上位机，主要作用是实时监控机器的状态，各项参数，电子产品研发阶段必不可少的。', '胸口贴了，遥控', '号码布上写了“自主”“遥控”，估计是有不同的参赛组别']",1. [69e43d3b0000000014019029|post=69e429b4000000001b00037a|likes=552.0|top_like] 遥控组作为底层，就是来整活的，毕竟也只能干整活[捂脸R] || 2. [69e5e313000000001401e816|post=69e59e520000000022027a90|likes=344.0|top_like] 看号码布，遥控的 || 3. [69e5e1d7000000001401c82d|post=69e59e520000000022027a90|likes=288.0|top_like] 拍手这是有人遥控，还是自主设定的反应？ || 4. [69e4c75a000000001401a823|post=69e4b08d000000001d01c1bc|likes=285.0|cross_post] 48分钟那个是遥控的，50分的是自主的，48分的要乘1.2的系数就不是冠军了 || 5. [69df98ff00000000350314d0|post=69df625d0000000021005c63|likes=251.0|cross_post] 都有，遥控的话最后时间要乘以1.2 || 6. [69e653090000000014013c01|post=69e634590000000022003bb5|likes=197.0|cross_post] 是的 我们的遥控器只用来控速 || 7. [69e5b1e0000000001401ac13|post=69e463df000000001b003017|likes=118.0|cross_post] 遥控的要加时间，加权后才是最终成绩 || 8. [69e48fcf000000001401a81b|post=69e481e8000000002003ad94|likes=3.0|random] 分组，有的自动有的需要控制 || 9. [69e4a452000000001401b010|post=69e481e8000000002003ad94|likes=0.0|random] 他的意思说，不用遥控用AI摄像头识别，自己跑。 || 10. [69e60561000000001401d82c|post=69e59e520000000022027a90|likes=9.0|random] 我知道这个拍手的是遥控，我是说这比赛有自主机器人参加,"[post=69e429b4000000001b00037a; level=2; likes=552.0; status=常态; role=观众] 遥控组作为底层，就是来整活的，毕竟也只能干整活[捂脸R]
---
[post=69e59e520000000022027a90; level=2; likes=344.0; status=弱势; role=观众] 看号码布，遥控的
---
[post=69e59e520000000022027a90; level=2; likes=288.0; status=弱势; role=观众] 拍手这是有人遥控，还是自主设定的反应？
---
[post=69e4b08d000000001d01c1bc; level=2; likes=285.0; status=混合; role=观众] 48分钟那个是遥控的，50分的是自主的，48分的要乘1.2的系数就不是冠军了
---
[post=69e429b4000000001b00037a; level=2; likes=254.0; status=常态; role=观众] 胸口贴了，遥控","[post=69e429b4000000001b00037a; level=2; likes=552.0; status=常态; role=观众] 遥控组作为底层，就是来整活的，毕竟也只能干整活[捂脸R]
---
[post=69e59e520000000022027a90; level=2; likes=344.0; status=弱势; role=观众] 看号码布，遥控的
---
[post=69e4b08d000000001d01c1bc; level=2; likes=285.0; status=混合; role=观众] 48分钟那个是遥控的，50分的是自主的，48分的要乘1.2的系数就不是冠军了
---
[post=69df625d0000000021005c63; level=2; likes=251.0; status=失败; role=观众] 都有，遥控的话最后时间要乘以1.2
---
[post=69e634590000000022003bb5; level=2; likes=197.0; status=常态; role=观众] 是的 我们的遥控器只用来控速
---
[post=69e463df000000001b003017; level=2; likes=118.0; status=强势; role=服务者] 遥控的要加时间，加权后才是最终成绩
---
[post=69da7e87000000001a03484e; level=2; likes=86.0; status=强势; role=观众] 今年分组别，自主导航组和遥控组，速度也都提升很大。
---
[post=69e481e8000000002003ad94; level=2; likes=63.0; status=强势; role=服务者] 这个前面的标签写的很清楚，是自主的。不是遥控。","[post=69df625d0000000021005c63; level=2; likes=1.0; status=失败; role=观众] 有自主跑的，也有遥控的。
---
[post=69e481e8000000002003ad94; level=2; likes=2.0; status=强势; role=服务者] 遥控的只有三分之一，而且成绩要乘以1.2
---
[post=69e59e520000000022027a90; level=2; likes=2.0; status=弱势; role=观众] 好像有自主的，自助的好像更容易被周围干扰[笑哭R][笑哭R]
---
[post=69e46730000000001d0199c8; level=2; likes=0.0; status=强势; role=观众] 没看见“自主”两个字吗
---
[post=69e481e8000000002003ad94; level=2; likes=8.0; status=强势; role=服务者] 专业人士跟你们解释下，拿的那玩意儿叫上位机，主要作用是实时监控机器的状态，各项参数，电子产品研发阶段必不可少的。",high_post_dominance
2,334,327,20,0.3532934131736527,"人形机器人, 很难说这种发展方向没有受人想象控制, 现在很多还用前凸后翘的机器人来吸引眼球, 只是比较疑惑, 现在设计机器人总是沉着与用人形来让它做各种事, 如果追求不同的功能的话应该依照功能来设计不同的外形比较高效吧, 即便不是最优解, 捂嘴笑r, 机器人, 嘻嘻r","['发展人形机器人产业已经是国家级战略新兴产业了。这是一个集多个技术的产业:AI人工智能，新材料，传感等前沿技术。把发展人形机器人比喻成行业的火车头，因为一个机器人包含：芯片，减速器，新材料，伺服电机，AI模型，操作系统等产业链，这些产业集群市场份额巨大。第二呢，对人类工具的探索，这个脑洞很大，机器人打仗，机器人做家务，机器人从业高危行业，特种作业等等。第三，推动具身智能与通用人工智能融合。就类似调教各种技术，手活，感知系统，微控制等，这些技术在行业内可以平移其他平台。一句话，发展新质生产力。', '只是比较疑惑，如果追求不同的功能的话应该依照功能来设计不同的外形比较高效吧，送外卖无人机早就可以了，现在设计机器人总是沉着与用人形来让它做各种事[笑哭R]现在很多还用前凸后翘的机器人来吸引眼球，很难说这种发展方向没有受人想象控制，即便不是最优解', '你的问题跟我说的完全不是一个意思哇[尬住R]只是比较疑惑，如果追求不同的功能的话应该依照功能来设计不同的外形比较高效吧，现在设计机器人总是沉着与用人形来让它做各种事[笑哭R]现在很多还用前凸后翘的机器人来吸引眼球，很难说这种发展方向没有受人想象控制，即便不是最优解']",1. [69e46025000000001401dc38|post=69e4426b000000001d01c7ed|likes=2132.0|top_like] 这是人形机器人，你说的那种是另一种机器人。 || 2. [69e492de000000001401d809|post=69e481e8000000002003ad94|likes=907.0|top_like] 因为人形可以和人本身结合起来，他可以用人的装备，人的武器，人也可以用他们的 || 3. [69e6e48a000000001401ac18|post=69e42cc100000000220001ad|likes=168.0|top_like] 人类社会的一切工具和设施都是基于人体打造的，人形机器人可以无障碍接管，不需要对工具和设施进行适配性改造。  同时，情感需求也是一方面，机器人要融入人类社会，与人类共同协作，其外形需要尽量减少隔阂感，且要能与人类以“人类熟悉的方式”进行互动。 所以，人形态是最好的选择。 || 4. [69e49974000000001401c404|post=69e48341000000001a02d0c4|likes=80.0|cross_post] 还有问为啥要做成人形的 || 5. [69e032c6000000003500aec3|post=69df625d0000000021005c63|likes=69.0|cross_post] 因为叫机器人啊，做成狗的叫机器狗，做成蜘蛛的叫机器蜘蛛。。这就是中文基本的表达方法。。又不像英文出现个啥就创造一个单词出来。。。。 || 6. [69db0336000000000d036d47|post=69da7e87000000001a03484e|likes=62.0|cross_post] 做成人形，就是各行各业通用 || 7. [69e42842000000001401dc18|post=69e40352000000002102fc75|likes=38.0|cross_post] 仿生人不就是仿生机器人[doge] || 8. [69e61988000000001401e815|post=69e4426b000000001d01c7ed|likes=0.0|random] 我觉得这种比完全像人一样的好[失望R]那种太恐怖了 || 9. [69e5c0e90000000014019822|post=69e481e8000000002003ad94|likes=0.0|random] 起鸡皮疙瘩是正常的，按现在机器人的迭代速度，可以乐观的预估，在不长的时间里，人型机器人将参与到人类的日常工作生活中去。低端重复劳动将不开避免的被机器人替代。 || 10. [69e0320a0000000002037885|post=69df625d0000000021005c63|likes=19.0|random] 问了下豆包，人形机器人的核心优势是可以无缝适配人类世界[飞吻R],"[post=69e4426b000000001d01c7ed; level=2; likes=2132.0; status=混合; role=观众] 这是人形机器人，你说的那种是另一种机器人。
---
[post=69e481e8000000002003ad94; level=2; likes=907.0; status=强势; role=服务者] 因为人形可以和人本身结合起来，他可以用人的装备，人的武器，人也可以用他们的
---
[post=69e42cc100000000220001ad; level=2; likes=168.0; status=弱势; role=观众] 人类社会的一切工具和设施都是基于人体打造的，人形机器人可以无障碍接管，不需要对工具和设施进行适配性改造。  同时，情感需求也是一方面，机器人要融入人类社会，与人类共同协作，其外形需要尽量减少隔阂感，且要能与人类以“人类熟悉的方式”进行互动。 所以，人形态是最好的选择。
---
[post=69e48341000000001a02d0c4; level=2; likes=80.0; status=强势; role=观众] 还有问为啥要做成人形的
---
[post=69e4426b000000001d01c7ed; level=2; likes=71.0; status=混合; role=观众] 工厂的机器人就是机械臂","[post=69e4426b000000001d01c7ed; level=2; likes=2132.0; status=混合; role=观众] 这是人形机器人，你说的那种是另一种机器人。
---
[post=69e481e8000000002003ad94; level=2; likes=907.0; status=强势; role=服务者] 因为人形可以和人本身结合起来，他可以用人的装备，人的武器，人也可以用他们的
---
[post=69e42cc100000000220001ad; level=2; likes=168.0; status=弱势; role=观众] 人类社会的一切工具和设施都是基于人体打造的，人形机器人可以无障碍接管，不需要对工具和设施进行适配性改造。  同时，情感需求也是一方面，机器人要融入人类社会，与人类共同协作，其外形需要尽量减少隔阂感，且要能与人类以“人类熟悉的方式”进行互动。 所以，人形态是最好的选择。
---
[post=69e48341000000001a02d0c4; level=2; likes=80.0; status=强势; role=观众] 还有问为啥要做成人形的
---
[post=69df625d0000000021005c63; level=2; likes=69.0; status=失败; role=观众] 因为叫机器人啊，做成狗的叫机器狗，做成蜘蛛的叫机器蜘蛛。。这就是中文基本的表达方法。。又不像英文出现个啥就创造一个单词出来。。。。
---
[post=69da7e87000000001a03484e; level=2; likes=62.0; status=强势; role=观众] 做成人形，就是各行各业通用
---
[post=69e40352000000002102fc75; level=2; likes=38.0; status=常态; role=服务者] 仿生人不就是仿生机器人[doge]
---
[post=69e46032000000001f002048; level=2; likes=30.0; status=常态; role=保护者] 她说那个不是她，只是cosplay","[post=69e42cc100000000220001ad; level=2; likes=13.0; status=弱势; role=观众] 人形是功能最全面的生物形态，没有之一，同时人类会觉得人形更有亲切感，未来可能会有发展各式各样的机器人服务业，比起一个大铁块子，我相信你肯定更希望是仿生人服务你吧
---
[post=69e481e8000000002003ad94; level=2; likes=0.0; status=强势; role=服务者] 目的不是为了快，而是一种展示，展示技术，展示概念。以后有用到人形机器人的地方就得用到这项技术。你难道不想自己老了时有一个漂亮的24小时贴身管家照顾自己吗？如果机器人技术可以发展，那很快就可以运用到这些刚需人形的服务行业。
---
[post=69e48341000000001a02d0c4; level=2; likes=0.0; status=强势; role=观众] 人形機器人是最複雜的，特別是自主機器人，要適應各種環境。工廠流水線上的工業機器人、機器臂、機械手早就有了，但都是固定程序執行任務、直接電線供電，無需考慮電力續航問題。
---
[post=69df625d0000000021005c63; level=2; likes=0.0; status=失败; role=观众] 所以？和“人形”有什么关系？
---
[post=69e481e8000000002003ad94; level=2; likes=0.0; status=强势; role=服务者] 机器人，机器人，首先适合机器，再次是个人。别的形态那叫机器狗机器牛机器猫机器车",high_post_dominance
3,327,285,18,0.8318042813455657,"干冰, 冰块, 冷媒, 降温的, 降温, 我以为是润滑油, 关节降温, 润滑油, 散热, 给关节降温的","['干冰，给主板', '干冰，co2', '干冰？常温下干冰这样吗？[笑哭R]']",1. [69e48647000000001401c03c|post=69e481e8000000002003ad94|likes=8645.0|top_like] 快速散热的，但是可燃，有火花就直接烧 || 2. [69e462de000000001401b01d|post=69e4426b000000001d01c7ed|likes=547.0|top_like] 天气太热，中暑了吧 || 3. [69e4898c000000001401b002|post=69e481e8000000002003ad94|likes=335.0|top_like] 感觉是压缩空气，降温用 || 4. [69e438c3000000001401e427|post=69e41e24000000001a025f1a|likes=110.0|cross_post] 背后加入冷却冰块，后面车上人有冰桶，过一阵就往里面倒，挺好玩的 || 5. [69e49c21000000001401b828|post=69e4551e000000001f005895|likes=46.0|cross_post] 会自焚的降温跟不上的话[捂脸R] || 6. [69e734fa000000001401ac18|post=69e634590000000022003bb5|likes=37.0|cross_post] 自主，喷的是降温用的 || 7. [69ea3f340000000014013803|post=69e48b0b000000001a02578c|likes=25.0|cross_post] 时间一长，什么不需要额外降温 || 8. [69e633820000000014018831|post=69e481e8000000002003ad94|likes=0.0|random] 防冻液不行么 || 9. [69e56feb000000001401a80e|post=69e481e8000000002003ad94|likes=1.0|random] 液氮或者液化二氧化碳 || 10. [69e46d3a000000001401ac20|post=69e43b14000000001a02e095|likes=0.0|random] 润一下关节[笑哭R],"[post=69e481e8000000002003ad94; level=2; likes=8645.0; status=强势; role=服务者] 快速散热的，但是可燃，有火花就直接烧
---
[post=69e4426b000000001d01c7ed; level=2; likes=547.0; status=混合; role=观众] 天气太热，中暑了吧
---
[post=69e481e8000000002003ad94; level=2; likes=335.0; status=强势; role=服务者] 感觉是压缩空气，降温用
---
[post=69e481e8000000002003ad94; level=2; likes=154.0; status=强势; role=服务者] 冰块，降温散热用的。
---
[post=69e41e24000000001a025f1a; level=2; likes=110.0; status=失败; role=观众] 背后加入冷却冰块，后面车上人有冰桶，过一阵就往里面倒，挺好玩的","[post=69e481e8000000002003ad94; level=2; likes=8645.0; status=强势; role=服务者] 快速散热的，但是可燃，有火花就直接烧
---
[post=69e4426b000000001d01c7ed; level=2; likes=547.0; status=混合; role=观众] 天气太热，中暑了吧
---
[post=69e41e24000000001a025f1a; level=2; likes=110.0; status=失败; role=观众] 背后加入冷却冰块，后面车上人有冰桶，过一阵就往里面倒，挺好玩的
---
[post=69e4551e000000001f005895; level=2; likes=46.0; status=强势; role=被超越者] 会自焚的降温跟不上的话[捂脸R]
---
[post=69e634590000000022003bb5; level=2; likes=37.0; status=常态; role=观众] 自主，喷的是降温用的
---
[post=69e48b0b000000001a02578c; level=2; likes=25.0; status=失败; role=服务者] 时间一长，什么不需要额外降温
---
[post=69e43b14000000001a02e095; level=2; likes=6.0; status=弱势; role=服务者] 过热保护。
---
[post=69da7e87000000001a03484e; level=2; likes=5.0; status=强势; role=观众] 然后呢？摔的时候就喷站不稳。跑的时候嫌跑得慢。现在飕飕的还能喷。你不封做喷王都可惜了。","[post=69e481e8000000002003ad94; level=2; likes=2.0; status=强势; role=服务者] 冰块散热的
---
[post=69e481e8000000002003ad94; level=2; likes=20.0; status=强势; role=服务者] 润滑降温，背后还有冰块
---
[post=69e481e8000000002003ad94; level=2; likes=0.0; status=强势; role=服务者] 降温喷雾
---
[post=69e481e8000000002003ad94; level=2; likes=0.0; status=强势; role=服务者] 我以为是润滑油[捂脸R]
---
[post=69e481e8000000002003ad94; level=2; likes=0.0; status=强势; role=服务者] 还不如放冰块",high_post_dominance
4,318,253,27,0.3081761006289308,"散热, 天工, 续航, 机器人跑马拉松, 稳定性, 会跑, 总而言之, 马拉松, 加油r, 不过","['在机器人马拉松的语境下，当机器人“摔倒”时，目前的“救援”方式还是由工作人员手动将其扶起或抬走[笑哭R]。不过，这并不意味着机器人在真正的应急场景中无法被“救”或无法“自救”。实际上，针对机器人在执行任务时可能遇到的故障，科研人员和工程师们已经设计了多种解决方案。\n【机器人如何“自救”或被“救援”】\n内置安全机制：一些在高危环境（如高空、水下）作业的机器人，会设计有“安全降落”或“故障保护”机制。例如，高空攀爬机器人在断电时，会启动阻尼装置， 将下坠速度降至极慢，避免直接摔毁 。当卡住时，甚至可以通过加热熔断合金来“断尾求生”。\n“机器人救机器人”：在一些复杂的系统中，会配备专门的“救援机器人”。比如，当一台高空维护机器人发生故障时，另一台待命的“空中拖车”式救援机器人会 沿着缆索爬过去，抓住故障机器人并将其拖回地面 。\n自主恢复能力：许多现代机器人，尤其是四足和人形机器人，都具备 摔倒后自主起身的能力 。它们通过内置的传感器和复杂的算法，可以判断自身姿态并规划动作，自己站起来继续完成任务。\n【未来机器人在应急救援中的角色】\n虽然马拉松上机器人还需要人类“抬担架”，但在真实的应急救援领域，机器人正扮演着越来越重要的角色。它们可以代替人类进入火灾、地震废墟、有毒气体泄漏等危险环境，执行侦察、搜救、物资运送等任务，是名副其实的“铁甲军团”[加油R]。', '这场机器人马拉松比赛，看似是一场充满趣味的科技秀，实则是我国人工智能与高端制造领域发展的一个生动缩影。对于这一现象，我们可以从以下几个维度进行思考：\n技术落地的“试金石”：比赛将机器人置于开放、动态的复杂环境中，这是一场走出实验室的 大型压力测试 。过程中出现的跌倒、抽搐等问题，恰恰暴露了在运动控制、能源管理和环境感知等方面的短板，为后续的技术迭代指明了方向。\n产业发展的“催化剂”：正如视频中类比汽车、飞机的发展史，任何颠覆性技术的成熟都离不开实践的检验。这场赛事为科研机构和企业提供了宝贵的 真实世界数据 ，加速了人形机器人从“能跑”向“会跑”、“跑好”的跨越，推动了整个产业链的成熟。\n创新生态的“展示窗”：300多个机器人同台竞技，展现了我国在机器人领域的 创新活力与集群效应 。这种开放包容、鼓励试错的氛围，不仅激发了科研人员的热情，也向世界展示了中国在前沿科技领域的探索精神和巨大潜力。\n总而言之，这场马拉松不仅是机器人的比赛，更是对未来智慧生活的预演。它让我们看到，科技创新的道路虽然曲折，但前景无比广阔。', '这个视频主要记录了北京亦庄人形机器人马拉松比赛的有趣场面。视频中，300多个形态各异的机器人同台竞技，有的稳健奔跑，有的则跌跌撞撞，甚至还有机器人在比赛中跳舞、鼓掌，场面十分热闹。评论区的讨论也很热烈，大家普遍认为这不仅是科技展示，更是一次对机器人耐力、平衡和智能的“压力测试”。许多人也由此联想到科技发展带来的机遇与挑战，比如对就业的影响、未来在养老等领域的应用，以及法律法规需要同步跟上等问题。\n基于视频内容和评论区讨论，为你设计一道遴选面试题：\n面试题：近期，一场人形机器人马拉松比赛引发热议。比赛中，机器人展现出的“进化速度”令人惊叹，但也出现了跌倒、失控等状况。对此，有人认为这是科技的进步与希望，也有人担忧其可能带来的失业等问题。请结合实际，谈谈你对这一现象的看法。\n参考答案：\n这场机器人马拉松比赛，表面上是一场趣味科技秀，实则是我国人工智能与高端制造领域发展的一个生动缩影。对于这一现象，我认为应辩证看待，既要拥抱机遇，也要正视挑战。\n首先， 这是一场走出实验室的“压力测试” 。比赛将机器人置于开放、动态的复杂环境中，长时间的奔跑是对它们运动控制、能源管理和环境感知能力的极限考验。过程中暴露的跌倒、抽搐等问题，恰恰为后续的技术迭代指明了方向，是推动技术从“能跑”向“会跑”、“跑好”跨越的关键一步。\n其次， 这反映了我国科技创新的活力 。300多个机器人同台竞技，展现了我国在机器人领域的集群效应和创新活力。这种开放包容、鼓励试错的氛围，不仅加速了产业链的成熟，也向世界展示了中国在前沿科技领域的探索精神。\n最后， 我们也要前瞻性地应对挑战 。正如评论区所讨论的，随着技术发展，确实可能对部分就业岗位造成冲击。对此，我们应积极引导劳动力转型升级，同时加快相关法律法规的研究与制定，确保科技发展始终服务于社会福祉，让技术进步的成果惠及更多人。']",1. [69e58a710000000014018c12|post=69e47f8f000000001f007203|likes=559.0|top_like] 其实就和摩托车，赛车比赛一样。对普通观众来说，不过是速度与激情的玩物。但会大力提升，刺激  汽车，摩托等相关产业部件的发展 。而一个稳定强，续航性强，可以翻山越岭的，无视地形的机器人  如果作为国防力量[doge] || 2. [69e4b1fa000000001401c82c|post=69e48341000000001a02d0c4|likes=251.0|top_like] 现在迭代这么快，应该十年内就能实现。上一届机器人马拉松这群玩意儿还是连滚带爬的，一年就超过人类了。 || 3. [69e58d6f000000001401a401|post=69e47f8f000000001f007203|likes=209.0|top_like] 跑步考验机器人的稳定性，连贯性，散热，电池续航，是以后开发更多功能的基础。 || 4. [69e70ae9000000001401bc23|post=69e634590000000022003bb5|likes=160.0|cross_post] 我也觉得[捂脸R]外面的视频都是营销号剪的娱乐版 看多了审美疲劳。机器人半马明明是一件很有意义的事情，感谢你们国家的科技树长出了新的枝叶 || 5. [69e43e82000000001401ac0b|post=69e40352000000002102fc75|likes=144.0|cross_post] 机器人跑步能保持平衡不摔，机动灵活，方向，续航，散热，就是技术的巨大进步，展现优势，未来能上战场必备的基本条件，这是一种技术展示[捂脸R]和比拼， || 6. [69e46760000000001401d835|post=69e447d2000000001d01aa01|likes=100.0|cross_post] 这就是一个公开的、实景路况测试，也是一个机器人企业“功夫”是否到家、软件硬件是否耐造以及数据采集的机会，行不行，拉出来溜溜，让所有企业有机会实打实的与同行较量比较，争取下次更好，有助于国产机器人的加速进步， || 7. [69e4f759000000001401bc11|post=69e463df000000001b003017|likes=92.0|cross_post] 其实稳定性、耐久性、灵活性等基础打好，智能化、AI等加进去真的不难，今年的人形机器人跟去年相比进步太多了 || 8. [69db3457000000000c030e96|post=69da7e87000000001a03484e|likes=0.0|random] 冷知识机器人也可以坐车，去月球应该适应坑洼不平的地，而不是比赛谁跑得快 || 9. [69e659e30000000014018802|post=69df625d0000000021005c63|likes=1.0|random] 谈不上作弊，这不过就是跑步特化机器人 || 10. [69e8224d0000000014019814|post=69e47f8f000000001f007203|likes=0.0|random] 这参加机器人马拉松还得有摩托车驾驶证,"[post=69e47f8f000000001f007203; level=2; likes=559.0; status=混合; role=观众] 其实就和摩托车，赛车比赛一样。对普通观众来说，不过是速度与激情的玩物。但会大力提升，刺激  汽车，摩托等相关产业部件的发展 。而一个稳定强，续航性强，可以翻山越岭的，无视地形的机器人  如果作为国防力量[doge]
---
[post=69e48341000000001a02d0c4; level=2; likes=251.0; status=强势; role=观众] 现在迭代这么快，应该十年内就能实现。上一届机器人马拉松这群玩意儿还是连滚带爬的，一年就超过人类了。
---
[post=69e47f8f000000001f007203; level=2; likes=209.0; status=混合; role=观众] 跑步考验机器人的稳定性，连贯性，散热，电池续航，是以后开发更多功能的基础。
---
[post=69e634590000000022003bb5; level=2; likes=160.0; status=常态; role=观众] 我也觉得[捂脸R]外面的视频都是营销号剪的娱乐版 看多了审美疲劳。机器人半马明明是一件很有意义的事情，感谢你们国家的科技树长出了新的枝叶
---
[post=69e40352000000002102fc75; level=2; likes=144.0; status=常态; role=服务者] 机器人跑步能保持平衡不摔，机动灵活，方向，续航，散热，就是技术的巨大进步，展现优势，未来能上战场必备的基本条件，这是一种技术展示[捂脸R]和比拼，","[post=69e47f8f000000001f007203; level=2; likes=559.0; status=混合; role=观众] 其实就和摩托车，赛车比赛一样。对普通观众来说，不过是速度与激情的玩物。但会大力提升，刺激  汽车，摩托等相关产业部件的发展 。而一个稳定强，续航性强，可以翻山越岭的，无视地形的机器人  如果作为国防力量[doge]
---
[post=69e48341000000001a02d0c4; level=2; likes=251.0; status=强势; role=观众] 现在迭代这么快，应该十年内就能实现。上一届机器人马拉松这群玩意儿还是连滚带爬的，一年就超过人类了。
---
[post=69e634590000000022003bb5; level=2; likes=160.0; status=常态; role=观众] 我也觉得[捂脸R]外面的视频都是营销号剪的娱乐版 看多了审美疲劳。机器人半马明明是一件很有意义的事情，感谢你们国家的科技树长出了新的枝叶
---
[post=69e40352000000002102fc75; level=2; likes=144.0; status=常态; role=服务者] 机器人跑步能保持平衡不摔，机动灵活，方向，续航，散热，就是技术的巨大进步，展现优势，未来能上战场必备的基本条件，这是一种技术展示[捂脸R]和比拼，
---
[post=69e447d2000000001d01aa01; level=2; likes=100.0; status=强势; role=服务者] 这就是一个公开的、实景路况测试，也是一个机器人企业“功夫”是否到家、软件硬件是否耐造以及数据采集的机会，行不行，拉出来溜溜，让所有企业有机会实打实的与同行较量比较，争取下次更好，有助于国产机器人的加速进步，
---
[post=69e463df000000001b003017; level=2; likes=92.0; status=强势; role=服务者] 其实稳定性、耐久性、灵活性等基础打好，智能化、AI等加进去真的不难，今年的人形机器人跟去年相比进步太多了
---
[post=69e48b0b000000001a02578c; level=2; likes=75.0; status=失败; role=服务者] 给这些研发团队展示的平台，其实就是科技大赛呗，用马拉松来测试看谁做的机器人在行动能力上表现最好，不会真以为是要培养机器人参加运动会吧
---
[post=69e45dbe000000001f00434f; level=2; likes=36.0; status=强势; role=观众] 跑步的意义在于展示机器人对肢体的控制平衡程度，程序的稳定性，如果连跑步这种事情他都能做的比较好的话，那说明他们对于其他方面的开发也是有掌控力的","[post=69e4426b000000001d01c7ed; level=2; likes=0.0; status=混合; role=观众] 因为这是人形机器人比赛[萌萌哒R]
---
[post=69e42cc100000000220001ad; level=2; likes=22.0; status=弱势; role=观众] 因为要检验电池的续航散热和机器人的灵活性，只比头脑比的是ai，不是机器人
---
[post=69e40352000000002102fc75; level=2; likes=2.0; status=常态; role=服务者] 这是一步一步来的过程，机器人有跑完马拉松的性能，那就意味着机器人能够完成马拉松等运动项目的辅助工作，比如比赛进行时同步检测赛道天气，评估运动员身体健康状况等，并且在意外发生时救援到达前做紧急救援工作，比如之前甘肃的某次马拉松就因为天气以及其他因素导致运动员遇难，这是一个机器人发展的过程，没有什么东西能够一蹴而就，就像汽车刚发明的时候连雨刮器都没有
---
[post=69e47f8f000000001f007203; level=2; likes=53.0; status=混合; role=观众] 检测机器人 大动作协调性+检测长时间运作会出现的问题，大动作协调之后就搞精细动作了，以后打仗不用人上，全是机器人扛炮打，
---
[post=69e481e8000000002003ad94; level=2; likes=0.0; status=强势; role=服务者] 我理解的是腿跑机器人更难更考验平稳，为以后应用多种路况奠定基础。后期更有跳跃运动",high_post_dominance
6,249,235,16,0.6947791164658634,"不行吗, 上楼梯, 轮子的简单, 过障碍, 上台阶, 复杂地形, doge, 相比于直接用轮子跑对材料, 球形更合适, 现在需要研究这种","['过障碍，上台阶，过窄缝，到了地方还能拿着东西走，你说的这个能做到吗', '两条腿或者四条腿可以越野，上台阶，过障碍[笑哭R]', '对啊，跑步爬楼梯，不行吗？越障，越野，不行吗？而且我说了，技术验证，技术储备，不行吗？你双足都能做好了，其他轮式会做不了？连这都想不明白']",1. [69e4da6a000000001401dc1f|post=69e4b08d000000001d01c1bc|likes=713.0|top_like] 看到是压力测试下，长时间保持平衡的能力。可以双足行走不难，能双足行走四十公里，就很能耐了。 || 2. [69e30add000000001401d834|post=69e2583b00000000230211ea|likes=115.0|top_like] [doge]先把那些楼梯都不会上的筛掉 || 3. [69e48c50000000001401b81b|post=69e481e8000000002003ad94|likes=50.0|top_like] 比赛要求是两只脚倒蹬[doge][doge] || 4. [69e43a95000000001401c805|post=69da7e87000000001a03484e|likes=48.0|cross_post] 科技发展啊，双腿更容易应对复杂地形啊。 || 5. [69e6e9f6000000001401bc1c|post=69e634590000000022003bb5|likes=43.0|cross_post] 因为距离长，都是单一动作～ || 6. [69e49b2a000000001401cc25|post=69e48341000000001a02d0c4|likes=38.0|cross_post] 不可以，必须两足，身高75至180cm || 7. [69e46204000000001401e043|post=69e4426b000000001d01c7ed|likes=34.0|cross_post] 人类生活环境有不少阶梯和上下坡，四轮的可走不了这些路[doge] || 8. [69e5b2df000000001401b00f|post=69e481e8000000002003ad94|likes=0.0|random] 轮子没有补贴 || 9. [69e6007b000000001401d426|post=69e481e8000000002003ad94|likes=0.0|random] 你想想在国家紧急时刻特殊地形的使用[doge] || 10. [69e4e940000000001401cc21|post=69e481e8000000002003ad94|likes=1.0|random] 给所有要动的都装上喷气式发动机和翅膀，否则没意义。,"[post=69e4b08d000000001d01c1bc; level=2; likes=713.0; status=混合; role=观众] 看到是压力测试下，长时间保持平衡的能力。可以双足行走不难，能双足行走四十公里，就很能耐了。
---
[post=69e2583b00000000230211ea; level=2; likes=115.0; status=失败; role=抢救者] [doge]先把那些楼梯都不会上的筛掉
---
[post=69e481e8000000002003ad94; level=2; likes=50.0; status=强势; role=服务者] 比赛要求是两只脚倒蹬[doge][doge]
---
[post=69da7e87000000001a03484e; level=2; likes=48.0; status=强势; role=观众] 科技发展啊，双腿更容易应对复杂地形啊。
---
[post=69e634590000000022003bb5; level=2; likes=43.0; status=常态; role=观众] 因为距离长，都是单一动作～","[post=69e4b08d000000001d01c1bc; level=2; likes=713.0; status=混合; role=观众] 看到是压力测试下，长时间保持平衡的能力。可以双足行走不难，能双足行走四十公里，就很能耐了。
---
[post=69e2583b00000000230211ea; level=2; likes=115.0; status=失败; role=抢救者] [doge]先把那些楼梯都不会上的筛掉
---
[post=69e481e8000000002003ad94; level=2; likes=50.0; status=强势; role=服务者] 比赛要求是两只脚倒蹬[doge][doge]
---
[post=69da7e87000000001a03484e; level=2; likes=48.0; status=强势; role=观众] 科技发展啊，双腿更容易应对复杂地形啊。
---
[post=69e634590000000022003bb5; level=2; likes=43.0; status=常态; role=观众] 因为距离长，都是单一动作～
---
[post=69e48341000000001a02d0c4; level=2; likes=38.0; status=强势; role=观众] 不可以，必须两足，身高75至180cm
---
[post=69e4426b000000001d01c7ed; level=2; likes=34.0; status=混合; role=观众] 人类生活环境有不少阶梯和上下坡，四轮的可走不了这些路[doge]
---
[post=69e48b0b000000001a02578c; level=2; likes=34.0; status=失败; role=服务者] 轮子只能走平坦的路，遇到台阶啥的就没办法，不能做成通用机器人（就像扫地机器人再怎么升级也只能扫地，不能下楼取快递）","[post=69e481e8000000002003ad94; level=2; likes=0.0; status=强势; role=服务者] 比快干嘛非要轮子，飞机不是更快。干嘛要飞机，火箭不是更快
---
[post=69e481e8000000002003ad94; level=2; likes=0.0; status=强势; role=服务者] 轮子没有补贴
---
[post=69e481e8000000002003ad94; level=2; likes=0.0; status=强势; role=服务者] 复杂地形不应该是兽型四足或者多足吗，两足适用的场合真的不多。
---
[post=69e481e8000000002003ad94; level=2; likes=0.0; status=强势; role=服务者] 你要腿干啥，装轮椅不更快[微笑R]
---
[post=69e2583b00000000230211ea; level=2; likes=2.0; status=失败; role=抢救者] 再加上翅膀，下面挂上两个喷气机，加一种更耐寒的液体[doge]",high_post_dominance
7,235,221,21,0.5659574468085107,"doge, 带上, 偷笑r, 没意义, 战场上, 微笑r, 飞吻r, 汗颜r, 现在是一个机器人, 用于国防","['用于国防、抢险救灾、灭火，探险这些倒是可以', '战时补给，沙漠搜救，高山搜救，外星探索，辐射区域探索，炸弹拆解，多了去咯[呃R]', '战场上 哪有这样的平地，肯定刚出去 就摔在家门口，说不定炸了自家[哭惹R]而且还要有人跟着 遥控，本来可以一个人类出去自爆，现在是一个机器人+一个遥控者 自爆，亏大了[哭惹R]']",1. [69e71e44000000001401a023|post=69e481e8000000002003ad94|likes=290.0|top_like] 打仗时候可以绑炸弹冲在前面，火场救援，灾区救援 || 2. [69e493050000000014019008|post=69e481e8000000002003ad94|likes=217.0|top_like] 为巷战、为丛林战做准备。 || 3. [69e72678000000001401d80c|post=69e481e8000000002003ad94|likes=83.0|top_like] 自由遐想一下战争前线突然窜出来这个东西，身上全是热武器冲你过来 你开了几枪也拦不住......[石化R] || 4. [69db0fe10000000014009cfb|post=69da7e87000000001a03484e|likes=63.0|cross_post] 从火场里救人，咻咻咻的就跑出来了 || 5. [69e4998e000000001401dc16|post=69e4551e000000001f005895|likes=61.0|cross_post] 在战场上不需要跑死，只要接近就完犊子了[捂脸R] || 6. [69e78bc8000000001401e425|post=69e634590000000022003bb5|likes=19.0|cross_post] 这玩意和火药一个道理，在我们这里是烟花，在别人那里是炮弹！但是我们现在肯定不会这么傻了[doge] || 7. [69e4894a000000001401ac24|post=69e44278000000001a0217bb|likes=13.0|cross_post] 你可以想象一下，真正战场，一个机器人摔倒后碰到一群机器人，然后那群机器人应激乱开枪的场面[偷笑R] || 8. [69e56ff10000000014019411|post=69e481e8000000002003ad94|likes=0.0|random] 不用人上战场了啊 || 9. [69eac8c6000000001401e81c|post=69e481e8000000002003ad94|likes=6.0|random] 他能跑得了马拉松，他就能扛着两把枪再揣着一颗炸弹往前冲 || 10. [69e7169c000000001401e813|post=69e481e8000000002003ad94|likes=0.0|random] 巷战拿捏🤏🏻[doge],"[post=69e481e8000000002003ad94; level=2; likes=290.0; status=强势; role=服务者] 打仗时候可以绑炸弹冲在前面，火场救援，灾区救援
---
[post=69e481e8000000002003ad94; level=2; likes=217.0; status=强势; role=服务者] 为巷战、为丛林战做准备。
---
[post=69e481e8000000002003ad94; level=2; likes=83.0; status=强势; role=服务者] 自由遐想一下战争前线突然窜出来这个东西，身上全是热武器冲你过来 你开了几枪也拦不住......[石化R]
---
[post=69da7e87000000001a03484e; level=2; likes=63.0; status=强势; role=观众] 从火场里救人，咻咻咻的就跑出来了
---
[post=69e4551e000000001f005895; level=2; likes=61.0; status=强势; role=被超越者] 在战场上不需要跑死，只要接近就完犊子了[捂脸R]","[post=69e481e8000000002003ad94; level=2; likes=290.0; status=强势; role=服务者] 打仗时候可以绑炸弹冲在前面，火场救援，灾区救援
---
[post=69da7e87000000001a03484e; level=2; likes=63.0; status=强势; role=观众] 从火场里救人，咻咻咻的就跑出来了
---
[post=69e4551e000000001f005895; level=2; likes=61.0; status=强势; role=被超越者] 在战场上不需要跑死，只要接近就完犊子了[捂脸R]
---
[post=69e634590000000022003bb5; level=2; likes=19.0; status=常态; role=观众] 这玩意和火药一个道理，在我们这里是烟花，在别人那里是炮弹！但是我们现在肯定不会这么傻了[doge]
---
[post=69e44278000000001a0217bb; level=2; likes=13.0; status=强势; role=被超越者] 你可以想象一下，真正战场，一个机器人摔倒后碰到一群机器人，然后那群机器人应激乱开枪的场面[偷笑R]
---
[post=69e463df000000001b003017; level=2; likes=11.0; status=强势; role=服务者] 就算刺杀人也是人在背后操控[汗颜R]
---
[post=69e429b4000000001b00037a; level=2; likes=7.0; status=常态; role=观众] 动起来不哐哐响的那些，现在应该在练习运送子弹[笑哭R]
---
[post=69e45dbe000000001f00434f; level=2; likes=7.0; status=强势; role=观众] 带个炸蛋过去更可怕","[post=69e481e8000000002003ad94; level=2; likes=0.0; status=强势; role=服务者] 不到万不得已不会用核武器的，除非到灭国同归于尽的地步了，国际公约也不会允许用核武器，不然娥乌战争还不用核武早点结束战争何必还派军队去打啊
---
[post=69e481e8000000002003ad94; level=2; likes=0.0; status=强势; role=服务者] 当你在战场上见到一个，全身钛合金的，拿着加特林对你开火的时候，你还会有这样的疑问
---
[post=69e481e8000000002003ad94; level=2; likes=0.0; status=强势; role=服务者] 废墟山地作战都要淘汰了还准备呢，连伊朗打仗都是炸弹火箭洗地了，你还准备靠单兵作战打仗
---
[post=69e481e8000000002003ad94; level=2; likes=0.0; status=强势; role=服务者] 当他拿一把ak的时候，就知道他干啥用的了[偷笑R]
---
[post=69e481e8000000002003ad94; level=2; likes=0.0; status=强势; role=服务者] 有道理啊，以后那些山里失足失踪的，用这玩意儿救援应该很不错👍我们之前玩户外徒步，那些中途下撤或者突然身体不适的，靠人力救援老吃力了[笑哭R]",high_post_dominance
8,227,219,24,0.3039647577092511,"玫瑰r, 哈哈哈, 哈哈哈哈, 笑死了, 哈哈哈哈哈, 没招了, ha, 捂脸r, 我真笑死了, 哈哈哈哈哈哈哈哈哈哈哈哈哈哈","['哈哈哈，我也看到了，他俩好像大冤种朋友[捂脸R]', '哈哈哈哈哈  它路上电池过热还蹲下了    笑死了', '哈哈哈[玫瑰R][玫瑰R][玫瑰R]笑死我了[玫瑰R][玫瑰R][玫瑰R][玫瑰R]继续努力吧[玫瑰R][玫瑰R][玫瑰R]']",1. [69e508c0000000001401d40c|post=69e4426b000000001d01c7ed|likes=815.0|top_like] 我服了，没招了[捂脸R][点赞R] || 2. [69dfd9310000000035019b9d|post=69df625d0000000021005c63|likes=310.0|top_like] 哈哈哈[玫瑰R][玫瑰R][玫瑰R]笑死我了[玫瑰R][玫瑰R][玫瑰R][玫瑰R]继续努力吧[玫瑰R][玫瑰R][玫瑰R] || 3. [69e966b8000000001401e416|post=69e46032000000001f002048|likes=107.0|top_like] 你完了 太君来了你第一个 || 4. [69e4e06a000000001401941b|post=69e46730000000001d0199c8|likes=73.0|cross_post] 哎呀我也觉得好好笑，淡淡地说出很疯的话的感觉哈哈哈哈哈 || 5. [69e49389000000001401902b|post=69db34bb000000001a0348ae|likes=35.0|cross_post] 嘎嘣一下享福去了[完啦R][完啦R] || 6. [69e620f7000000001401e438|post=69e59e520000000022027a90|likes=29.0|cross_post] 太好笑了 乐了两天 这会儿能笑就笑吧 往后咱可能都没机会笑了[doge] || 7. [69e55b72000000001401a401|post=69e47f8f000000001f007203|likes=19.0|cross_post] 这个好有意思，还能去打招呼 || 8. [69e46e9e000000001401dc39|post=69e447d2000000001d01aa01|likes=0.0|random] 哈哈哈哈，笑亖我算了个球[偷笑R] || 9. [69db14ad000000000100533e|post=69da7e87000000001a03484e|likes=0.0|random] [微笑R]思之令人发笑。 || 10. [69eb3944000000001401d42e|post=69df625d0000000021005c63|likes=0.0|random] 哈哈哈哈过于好笑了,"[post=69e4426b000000001d01c7ed; level=2; likes=815.0; status=混合; role=观众] 我服了，没招了[捂脸R][点赞R]
---
[post=69df625d0000000021005c63; level=2; likes=310.0; status=失败; role=观众] 哈哈哈[玫瑰R][玫瑰R][玫瑰R]笑死我了[玫瑰R][玫瑰R][玫瑰R][玫瑰R]继续努力吧[玫瑰R][玫瑰R][玫瑰R]
---
[post=69e46032000000001f002048; level=2; likes=107.0; status=常态; role=保护者] 你完了 太君来了你第一个
---
[post=69e4426b000000001d01c7ed; level=2; likes=74.0; status=混合; role=观众] 哈哈哈哈 真的很好笑
---
[post=69e46730000000001d0199c8; level=2; likes=73.0; status=强势; role=观众] 哎呀我也觉得好好笑，淡淡地说出很疯的话的感觉哈哈哈哈哈","[post=69e4426b000000001d01c7ed; level=2; likes=815.0; status=混合; role=观众] 我服了，没招了[捂脸R][点赞R]
---
[post=69df625d0000000021005c63; level=2; likes=310.0; status=失败; role=观众] 哈哈哈[玫瑰R][玫瑰R][玫瑰R]笑死我了[玫瑰R][玫瑰R][玫瑰R][玫瑰R]继续努力吧[玫瑰R][玫瑰R][玫瑰R]
---
[post=69e46032000000001f002048; level=2; likes=107.0; status=常态; role=保护者] 你完了 太君来了你第一个
---
[post=69e46730000000001d0199c8; level=2; likes=73.0; status=强势; role=观众] 哎呀我也觉得好好笑，淡淡地说出很疯的话的感觉哈哈哈哈哈
---
[post=69db34bb000000001a0348ae; level=2; likes=35.0; status=失败; role=抢救者] 嘎嘣一下享福去了[完啦R][完啦R]
---
[post=69e59e520000000022027a90; level=2; likes=29.0; status=弱势; role=观众] 太好笑了 乐了两天 这会儿能笑就笑吧 往后咱可能都没机会笑了[doge]
---
[post=69e47f8f000000001f007203; level=2; likes=19.0; status=混合; role=观众] 这个好有意思，还能去打招呼
---
[post=69e447d2000000001d01aa01; level=2; likes=16.0; status=强势; role=服务者] 哈哈哈哈脑力劳动体力劳动齐上阵","[post=69df625d0000000021005c63; level=2; likes=0.0; status=失败; role=观众] 哈哈哈哈，每次看都觉得好搞笑
---
[post=69da7e87000000001a03484e; level=2; likes=8.0; status=强势; role=观众] 啊哈哈哈哈哈哈哈抱歉太好笑了
---
[post=69e4426b000000001d01c7ed; level=2; likes=0.0; status=混合; role=观众] 沉舟侧畔千帆过哈哈哈哈哈哈哈哈哈哈哈哈哈哈
---
[post=69e46730000000001d0199c8; level=2; likes=31.0; status=强势; role=观众] 你看它想不想薛之谦 哈哈哈哈哈
---
[post=69e6f2bc0000000023005345; level=2; likes=4.0; status=弱势; role=观众] 哈哈哈哈[大笑R] 那要持续关注我们哦",high_post_dominance
9,221,189,19,0.3529411764705882,"我们没有, 科技强国, 也是一种精神, 当然, 科技在进步, 研发阶段必经之路, 研究原子弹的人一辈子都在你所谓的无聊中度过, 确实做不出来, 科技发展太迅速了, 确实是蛮好的","['无聊？科技都是实践出来的 这是在慢慢进步 科技才能护国啊兄弟', '其实发展时间没有你想的那么长，新中国成立才几十年，从几千年的农业时代到工业时代，而工业时代到现在也才260年时间，二三十年前连按键手机都还没有完全普及再久一点都还是大哥大和BB机，以前打电话都是问题，现在开视频和监控都已经是基本。《三体》里面就有一个“科技大爆炸”的理论。', '我看推特评论，有惊讶的，有恐惧的，担心用来当兵，当然，贬低的也有，但是对比几年前，现在看不起中国的评论越来越少了，不过黑中国的自然不少。现在中国越来越强大了，正如你底下的评论所说，不用太计较外国人说什么了，我们只管风雨兼程，努力前行就可以了。最后，其实我觉得这种活动非常好，不过尽量不要在外网宣传，因为，正如一个人越来越强大了，他要做的，是保持谦虚和努力，而不是向其他人展示自己的力量或者期待其他人的赞赏。']",1. [69e4da4a000000001401a005|post=69e4b08d000000001d01c1bc|likes=2577.0|top_like] 这个是纯展示技术呀 || 2. [69e4e83d000000001401e024|post=69e47f8f000000001f007203|likes=877.0|top_like] 技术就在无聊中诞生 || 3. [69e43b18000000001401a01e|post=69e40352000000002102fc75|likes=161.0|top_like] 技术的进步不可能一蹴而就 || 4. [69db194b000000001500437e|post=69da7e87000000001a03484e|likes=40.0|cross_post] 就是要一点点研发设计呀。谁也没让他们现在就去[笑哭R] || 5. [69e5f953000000001401bc27|post=69e481e8000000002003ad94|likes=30.0|cross_post] 比卫浴门帘柜有科技含量点 || 6. [69e49600000000001401881d|post=69db34bb000000001a0348ae|likes=8.0|cross_post] 到底发明出来什么东西了这素 || 7. [69e452df000000001401cc2a|post=69e42cc100000000220001ad|likes=7.0|cross_post] 技术革新的契机 || 8. [69dcd0250000000016016413|post=69da7e87000000001a03484e|likes=0.0|random] 但有芯片呀，不过也只是科幻啦，以后都会设置成有利于百姓的 || 9. [69e6021c000000001401bc1c|post=69e47f8f000000001f007203|likes=0.0|random] 科技的展示啊，只有对比了才会知道差距才能继续进步 || 10. [69edbee2000000002b00180c|post=69e481e8000000002003ad94|likes=0.0|random] 一种能力,"[post=69e4b08d000000001d01c1bc; level=2; likes=2577.0; status=混合; role=观众] 这个是纯展示技术呀
---
[post=69e47f8f000000001f007203; level=2; likes=877.0; status=混合; role=观众] 技术就在无聊中诞生
---
[post=69e40352000000002102fc75; level=2; likes=161.0; status=常态; role=服务者] 技术的进步不可能一蹴而就
---
[post=69e47f8f000000001f007203; level=2; likes=71.0; status=混合; role=观众] 都是每个团队的心血啊，科技在进步，祖国在强大！
---
[post=69e40352000000002102fc75; level=2; likes=44.0; status=常态; role=服务者] 很多数据是相互的","[post=69e4b08d000000001d01c1bc; level=2; likes=2577.0; status=混合; role=观众] 这个是纯展示技术呀
---
[post=69e47f8f000000001f007203; level=2; likes=877.0; status=混合; role=观众] 技术就在无聊中诞生
---
[post=69e40352000000002102fc75; level=2; likes=161.0; status=常态; role=服务者] 技术的进步不可能一蹴而就
---
[post=69da7e87000000001a03484e; level=2; likes=40.0; status=强势; role=观众] 就是要一点点研发设计呀。谁也没让他们现在就去[笑哭R]
---
[post=69e481e8000000002003ad94; level=2; likes=30.0; status=强势; role=服务者] 比卫浴门帘柜有科技含量点
---
[post=69db34bb000000001a0348ae; level=2; likes=8.0; status=失败; role=抢救者] 到底发明出来什么东西了这素
---
[post=69e42cc100000000220001ad; level=2; likes=7.0; status=弱势; role=观众] 技术革新的契机
---
[post=69e634590000000022003bb5; level=2; likes=4.0; status=常态; role=观众] 如果你们能有它的专利技术，也很无敌呀[点赞R]","[post=69e481e8000000002003ad94; level=2; likes=0.0; status=强势; role=服务者] 美苏太空争霸，有什么用，最后都是民用，不要以为美国只是经济强者，也是科技强者。现在的微波炉，运动鞋，生物学，一大堆都是空间实验的结果。
---
[post=69e47f8f000000001f007203; level=2; likes=13.0; status=混合; role=观众] 科技研发的宗旨就是为人类服务，而且这样更能让大众看到，特别是寻找投资人，没钱怎么研发[失望R]
---
[post=69e47f8f000000001f007203; level=2; likes=0.0; status=混合; role=观众] 科技进步的过程呀
---
[post=69e481e8000000002003ad94; level=2; likes=0.0; status=强势; role=服务者] 未来怎么样谁都不知道，这些是他们要攻克的
---
[post=69e481e8000000002003ad94; level=2; likes=0.0; status=强势; role=服务者] 国际上都传疯了，科技强国？",high_post_dominance
11,164,131,19,0.4634146341463415,"程序员, 救血压上升的程序员, 救程序员, 跑代码, 暗中观察r, 偷笑r, 笑哭r, 棒r, 哭惹r, 满月r","['程序员：臣妾跑不动啊！', '程序员[doge]举着电脑在后面跑', '程序员，程序员能破130[暗中观察R]']",1. [69e450ed000000001401e814|post=69e447d2000000001d01aa01|likes=903.0|top_like] 这是一个梗 程序和程序员有一个能跑就行[偷笑R] || 2. [69e49a6d000000001401dc13|post=69e481e8000000002003ad94|likes=612.0|top_like] 为了让你发出这条评论，也有很多工程师在伺候平台服务器、通讯基站、手机制造、程序编辑~~~ || 3. [69e7aeee000000001401cc0b|post=69e2583b00000000230211ea|likes=254.0|top_like] 程序员不会心碎 项目经理 硬件结构工程师会崩溃 || 4. [69e6ed21000000001401880e|post=69e634590000000022003bb5|likes=143.0|cross_post] 之前看到一个扛着电脑狂奔的程序员，程序员说没想到自己还要跑马拉松[笑哭R] || 5. [69e43d72000000001401a41d|post=69e429b4000000001b00037a|likes=114.0|cross_post] 触发底层代码了[笑哭R] || 6. [69e576820000000014019406|post=69e48d54000000002102e178|likes=81.0|cross_post] 我看到工程师那么年轻头发那么多也有点感慨，我们的人才储备真足[偷笑R][偷笑R] 真好啊 || 7. [69e56450000000001401bc0c|post=69e47f8f000000001f007203|likes=49.0|cross_post] 或许上面坐的是一排排修复bug的程序员呢 || 8. [69e5b07b000000001401e427|post=69e48d54000000002102e178|likes=2.0|random] 我本意不是想要杠，因为这个行业也有很多女孩子可能因为不是直接做调试的工程师所以出镜很少，不知道的也少，很感谢你友好的回答 || 9. [69e59493000000001401e428|post=69e47f8f000000001f007203|likes=0.0|random] 救碼農的[笑哭R][笑哭R][笑哭R]碼農都在跟跑哈哈哈 || 10. [69e590cd000000001401bc1d|post=69e47f8f000000001f007203|likes=0.0|random] 好像说最后一公里，程序员需要跟跑[捂脸R],"[post=69e447d2000000001d01aa01; level=2; likes=903.0; status=强势; role=服务者] 这是一个梗 程序和程序员有一个能跑就行[偷笑R]
---
[post=69e481e8000000002003ad94; level=2; likes=612.0; status=强势; role=服务者] 为了让你发出这条评论，也有很多工程师在伺候平台服务器、通讯基站、手机制造、程序编辑~~~
---
[post=69e2583b00000000230211ea; level=2; likes=254.0; status=失败; role=抢救者] 程序员不会心碎 项目经理 硬件结构工程师会崩溃
---
[post=69e634590000000022003bb5; level=2; likes=143.0; status=常态; role=观众] 之前看到一个扛着电脑狂奔的程序员，程序员说没想到自己还要跑马拉松[笑哭R]
---
[post=69e429b4000000001b00037a; level=2; likes=114.0; status=常态; role=观众] 触发底层代码了[笑哭R]","[post=69e447d2000000001d01aa01; level=2; likes=903.0; status=强势; role=服务者] 这是一个梗 程序和程序员有一个能跑就行[偷笑R]
---
[post=69e481e8000000002003ad94; level=2; likes=612.0; status=强势; role=服务者] 为了让你发出这条评论，也有很多工程师在伺候平台服务器、通讯基站、手机制造、程序编辑~~~
---
[post=69e2583b00000000230211ea; level=2; likes=254.0; status=失败; role=抢救者] 程序员不会心碎 项目经理 硬件结构工程师会崩溃
---
[post=69e634590000000022003bb5; level=2; likes=143.0; status=常态; role=观众] 之前看到一个扛着电脑狂奔的程序员，程序员说没想到自己还要跑马拉松[笑哭R]
---
[post=69e429b4000000001b00037a; level=2; likes=114.0; status=常态; role=观众] 触发底层代码了[笑哭R]
---
[post=69e48d54000000002102e178; level=2; likes=81.0; status=弱势; role=保护者] 我看到工程师那么年轻头发那么多也有点感慨，我们的人才储备真足[偷笑R][偷笑R] 真好啊
---
[post=69e47f8f000000001f007203; level=2; likes=49.0; status=混合; role=观众] 或许上面坐的是一排排修复bug的程序员呢
---
[post=69e4551e000000001f005895; level=2; likes=37.0; status=强势; role=被超越者] 裁判跟工程师。","[post=69e47f8f000000001f007203; level=2; likes=0.0; status=混合; role=观众] 哈哈哈哈我还刷到一个程序员追着狂跑的
---
[post=69e48d54000000002102e178; level=2; likes=0.0; status=弱势; role=保护者] 是的哈哈哈哈，工程师就这么搂着自己的孩子
---
[post=69e2583b00000000230211ea; level=2; likes=1.0; status=失败; role=抢救者] 我再说一遍，崩溃的是设计师，程序员只管写入程序[微笑R]
---
[post=69e48d54000000002102e178; level=2; likes=0.0; status=弱势; role=保护者] 好年轻的程序员
---
[post=69e447d2000000001d01aa01; level=2; likes=5.0; status=强势; role=服务者] 程序员驿站吗",high_post_dominance
12,158,130,13,0.8037974683544303,"轮子那叫赛车, 你说的是不是赛车, 那叫赛车比赛, 那不是赛车, 轮子那叫跑步吗, f1赛车, 黑薯问号r, 汽车比赛, 扯脸h, 有轮子的可以去看f1","['轮子那叫赛车', '轮子那叫赛车[扯脸H]', '人形才叫跑步，轮子那叫赛车']",1. [69e43b43000000001401c03f|post=69e42cc100000000220001ad|likes=387.0|top_like] 工作人员：少爷，比赛已经结束了，我开车送您回家[doge] || 2. [69e6ba1f0000000014019c0b|post=69e481e8000000002003ad94|likes=101.0|top_like] 换成四个轮子竞速的F1需要十多个人伺候一辆车，这是比赛啊。 || 3. [69e49b14000000001401d807|post=69e481e8000000002003ad94|likes=33.0|top_like] 赛车伺候的人更多 || 4. [69e46d91000000001401b81e|post=69e4426b000000001d01c7ed|likes=7.0|cross_post] 那不成赛车了 || 5. [69db67720000000015006292|post=69da7e87000000001a03484e|likes=5.0|cross_post] 你想想飞机已经够快了，为什么还会有赛车比赛[doge] || 6. [69e43d9e0000000014019400|post=69e40352000000002102fc75|likes=4.0|cross_post] 你猜国外为什么经常举办赛车? || 7. [69e4b72a000000001401e41d|post=69e48341000000001a02d0c4|likes=4.0|cross_post] 我想你在问的大概是汽车拉力赛 || 8. [69e5e1cd000000001401881f|post=69e4426b000000001d01c7ed|likes=0.0|random] 四驱车比赛我小时候就有了[doge][doge][doge] || 9. [69e5139b0000000014019c04|post=69e481e8000000002003ad94|likes=0.0|random] 因为有赛车比赛了[捂脸R] || 10. [69e563f9000000001401dc01|post=69e481e8000000002003ad94|likes=0.0|random] 那你去看赛车比赛去啊[汗颜R],"[post=69e42cc100000000220001ad; level=2; likes=387.0; status=弱势; role=观众] 工作人员：少爷，比赛已经结束了，我开车送您回家[doge]
---
[post=69e481e8000000002003ad94; level=2; likes=101.0; status=强势; role=服务者] 换成四个轮子竞速的F1需要十多个人伺候一辆车，这是比赛啊。
---
[post=69e481e8000000002003ad94; level=2; likes=33.0; status=强势; role=服务者] 赛车伺候的人更多
---
[post=69e481e8000000002003ad94; level=2; likes=25.0; status=强势; role=服务者] 是的f1没用
---
[post=69e481e8000000002003ad94; level=2; likes=21.0; status=强势; role=服务者] f1一个人开车几十个人服务[doge]","[post=69e42cc100000000220001ad; level=2; likes=387.0; status=弱势; role=观众] 工作人员：少爷，比赛已经结束了，我开车送您回家[doge]
---
[post=69e481e8000000002003ad94; level=2; likes=101.0; status=强势; role=服务者] 换成四个轮子竞速的F1需要十多个人伺候一辆车，这是比赛啊。
---
[post=69e4426b000000001d01c7ed; level=2; likes=7.0; status=混合; role=观众] 那不成赛车了
---
[post=69da7e87000000001a03484e; level=2; likes=5.0; status=强势; role=观众] 你想想飞机已经够快了，为什么还会有赛车比赛[doge]
---
[post=69e40352000000002102fc75; level=2; likes=4.0; status=常态; role=服务者] 你猜国外为什么经常举办赛车?
---
[post=69e48341000000001a02d0c4; level=2; likes=4.0; status=强势; role=观众] 我想你在问的大概是汽车拉力赛
---
[post=69e46730000000001d0199c8; level=2; likes=2.0; status=强势; role=观众] 轱辘跑跟腿跑能一样吗
---
[post=69e4b08d000000001d01c1bc; level=2; likes=2.0; status=混合; role=观众] 你看最后 也讲了汽车比赛的发展啊","[post=69e2583b00000000230211ea; level=2; likes=0.0; status=失败; role=抢救者] 他赛道是沙石赛道
---
[post=69e481e8000000002003ad94; level=2; likes=1.0; status=强势; role=服务者] 装轮儿还叫跑步嘛？
---
[post=69e47f8f000000001f007203; level=2; likes=1.0; status=混合; role=观众] 太好玩了！周六我在公园的时候就经过这个赛道来着[害羞R]
---
[post=69e481e8000000002003ad94; level=2; likes=1.0; status=强势; role=服务者] 汽车比赛[黑薯问号R][黑薯问号R][黑薯问号R]🚗
---
[post=69e481e8000000002003ad94; level=2; likes=0.0; status=强势; role=服务者] f1性质和她作用一样",high_post_dominance
14,130,123,18,0.3076923076923077,"惊恐r, by, more, 我也是, are, 你好, 吧唧r, 现在开始你不许提问了, 王者听得懂吗, 现在大伙都以为你在说真话","['没看懂啥意思[惊恐R][惊恐R][惊恐R]', '我也是，你好，请问，请帮忙分析，谢谢[笑哭R]', 'I was just thinking about this too. the problem is trying more and more to make them like us , thus they inherit all our shortcomings.two legs are easily outmatched by wheels.front facing eyes are outclassed by 360°vision camera.']",1. [69e445be000000001401e00e|post=69da7e87000000001a03484e|likes=103.0|top_like] 认知差的话据说吃猪脑可以补[大笑R] || 2. [69e59d68000000001401e42f|post=69e481e8000000002003ad94|likes=98.0|top_like] 应该都比你这个问题含金量高 || 3. [69e724480000000014018806|post=69e481e8000000002003ad94|likes=67.0|top_like] 所以咱是普通人，没有前瞻性 || 4. [69e4af92000000001401b825|post=69e447d2000000001d01aa01|likes=61.0|cross_post] 答案出现了[doge] || 5. [69e48467000000001401c42e|post=69e44278000000001a0217bb|likes=12.0|cross_post] 当初游老师要求退出文坛的时候我是强烈反对的 || 6. [69e49e2e000000001401b832|post=69e48341000000001a02d0c4|likes=12.0|cross_post] 不需要你知道 || 7. [69e70582000000001401c816|post=69e47f8f000000001f007203|likes=12.0|cross_post] 理解不了 || 8. [69e8a99f000000001401e822|post=69e4426b000000001d01c7ed|likes=0.0|random] 我前两天艾特过你了[微笑R] || 9. [69e5b2cc000000001401b007|post=69e47f8f000000001f007203|likes=0.0|random] 语文阅读理解文章出自于此[笑哭R] || 10. [69db11f70000000015008ef7|post=69da7e87000000001a03484e|likes=0.0|random] 你人怪好的，我离得近，我去吧,"[post=69da7e87000000001a03484e; level=2; likes=103.0; status=强势; role=观众] 认知差的话据说吃猪脑可以补[大笑R]
---
[post=69e481e8000000002003ad94; level=2; likes=98.0; status=强势; role=服务者] 应该都比你这个问题含金量高
---
[post=69e481e8000000002003ad94; level=2; likes=67.0; status=强势; role=服务者] 所以咱是普通人，没有前瞻性
---
[post=69e447d2000000001d01aa01; level=2; likes=61.0; status=强势; role=服务者] 答案出现了[doge]
---
[post=69da7e87000000001a03484e; level=2; likes=14.0; status=强势; role=观众] [微笑R]你理解不了的事多了，有本事你让车开上山","[post=69da7e87000000001a03484e; level=2; likes=103.0; status=强势; role=观众] 认知差的话据说吃猪脑可以补[大笑R]
---
[post=69e481e8000000002003ad94; level=2; likes=98.0; status=强势; role=服务者] 应该都比你这个问题含金量高
---
[post=69e447d2000000001d01aa01; level=2; likes=61.0; status=强势; role=服务者] 答案出现了[doge]
---
[post=69e44278000000001a0217bb; level=2; likes=12.0; status=强势; role=被超越者] 当初游老师要求退出文坛的时候我是强烈反对的
---
[post=69e48341000000001a02d0c4; level=2; likes=12.0; status=强势; role=观众] 不需要你知道
---
[post=69e47f8f000000001f007203; level=2; likes=12.0; status=混合; role=观众] 理解不了
---
[post=69df625d0000000021005c63; level=2; likes=7.0; status=失败; role=观众] 那你咋不发出来，差点就信你了[doge]
---
[post=69e48d54000000002102e178; level=2; likes=5.0; status=弱势; role=保护者] 不要老说大实话","[post=69e48d54000000002102e178; level=2; likes=0.0; status=弱势; role=保护者] 我也是，你好，请问，请帮忙分析，谢谢[笑哭R]
---
[post=69e59e520000000022027a90; level=2; likes=0.0; status=弱势; role=观众] 看不懂操作
---
[post=69da7e87000000001a03484e; level=2; likes=0.0; status=强势; role=观众] 拓展认知，多提问，少质问
---
[post=69e481e8000000002003ad94; level=2; likes=0.0; status=强势; role=服务者] 你脑洞是不是可以大一点
---
[post=69da7e87000000001a03484e; level=2; likes=0.0; status=强势; role=观众] 看到同样疑问了",high_post_dominance
15,125,122,15,0.392,"笑死我了机器人也得人工呼吸呐, 心肺复苏, 机器人救护车, 救人啊, 服了我以为是无人驾驶救护车, 机器人有救护车是因为有人愿意花钱, 机器人背着人跑岂不是会造成二次伤害, 机器人背着人能不管是速度还是安全性都不可能比得过啊, 本来还能等救护车救, 救机器人主人","['救人啊，直接冲过来撞倒了怎么办', '救人啊，旁边跑道是人类马拉松[笑哭R]', '笑死我了机器人也得人工呼吸呐[偷笑R][偷笑R][偷笑R]']",1. [69e56015000000001401d802|post=69e47f8f000000001f007203|likes=1060.0|top_like] 救人的 旁边在进行人类马拉松[大笑R] || 2. [69daf95800000000020358f1|post=69da7e87000000001a03484e|likes=228.0|top_like] 外骨骼机器人让你自己跑去医院途中顺便给你心肺复苏[doge] || 3. [69e56704000000001401e80a|post=69e47f8f000000001f007203|likes=66.0|top_like] 可能是救被机器人气过去的主人[笑哭R] || 4. [69dc9bee000000000d034265|post=69db34bb000000001a0348ae|likes=38.0|cross_post] 服了我以为是无人驾驶救护车。。。。 || 5. [69e7062c000000001401901c|post=69e59e520000000022027a90|likes=9.0|cross_post] 速度快关键时刻可以救乱穿马路的小盆友 || 6. [69e43dd5000000001401a41b|post=69e2583b00000000230211ea|likes=6.0|cross_post] 别急，一会医生拿着药箱就出来了 || 7. [69e453d6000000001401e41b|post=69e42cc100000000220001ad|likes=1.0|cross_post] 赶紧人工呼吸加心肺复苏[暗中观察R] || 8. [69daf9d6000000001400bcc7|post=69da7e87000000001a03484e|likes=0.0|random] 但是救护车可以闯红灯 || 9. [69dc597e00000000020340bd|post=69da7e87000000001a03484e|likes=0.0|random] 我希望他在家直接给我做心肺复苏 || 10. [69dca852000000000202b595|post=69db34bb000000001a0348ae|likes=5.0|random] 爱护动物的人很多，他们愿意救就会愿意花钱叫救护车,"[post=69e47f8f000000001f007203; level=2; likes=1060.0; status=混合; role=观众] 救人的 旁边在进行人类马拉松[大笑R]
---
[post=69da7e87000000001a03484e; level=2; likes=228.0; status=强势; role=观众] 外骨骼机器人让你自己跑去医院途中顺便给你心肺复苏[doge]
---
[post=69e47f8f000000001f007203; level=2; likes=66.0; status=混合; role=观众] 可能是救被机器人气过去的主人[笑哭R]
---
[post=69db34bb000000001a0348ae; level=2; likes=38.0; status=失败; role=抢救者] 服了我以为是无人驾驶救护车。。。。
---
[post=69db34bb000000001a0348ae; level=2; likes=21.0; status=失败; role=抢救者] 我以为是机器人开救护车来救人","[post=69e47f8f000000001f007203; level=2; likes=1060.0; status=混合; role=观众] 救人的 旁边在进行人类马拉松[大笑R]
---
[post=69da7e87000000001a03484e; level=2; likes=228.0; status=强势; role=观众] 外骨骼机器人让你自己跑去医院途中顺便给你心肺复苏[doge]
---
[post=69db34bb000000001a0348ae; level=2; likes=38.0; status=失败; role=抢救者] 服了我以为是无人驾驶救护车。。。。
---
[post=69e59e520000000022027a90; level=2; likes=9.0; status=弱势; role=观众] 速度快关键时刻可以救乱穿马路的小盆友
---
[post=69e2583b00000000230211ea; level=2; likes=6.0; status=失败; role=抢救者] 别急，一会医生拿着药箱就出来了
---
[post=69e42cc100000000220001ad; level=2; likes=1.0; status=弱势; role=观众] 赶紧人工呼吸加心肺复苏[暗中观察R]
---
[post=69e447d2000000001d01aa01; level=2; likes=1.0; status=强势; role=服务者] 机器人：后面这人要我的命啊，没人救救我么
---
[post=69e4426b000000001d01c7ed; level=2; likes=1.0; status=混合; role=观众] 应该再来个120的机器人","[post=69e47f8f000000001f007203; level=2; likes=0.0; status=混合; role=观众] 救旁边操控机器人的人[笑哭R]
---
[post=69e47f8f000000001f007203; level=2; likes=0.0; status=混合; role=观众] 120笑死个人
---
[post=69da7e87000000001a03484e; level=2; likes=2.0; status=强势; role=观众] 我更需要的可能是在家抢救我[捂脸R]
---
[post=69db34bb000000001a0348ae; level=2; likes=0.0; status=失败; role=抢救者] 机器人都有救护车了，高级呀[doge]
---
[post=69da7e87000000001a03484e; level=2; likes=0.0; status=强势; role=观众] 不能当场给我救活吗[呃R]",high_post_dominance
19,95,88,16,0.3894736842105263,"还拿个奶瓶, 提两箱牛奶, 拿奶瓶的倒数第一, 脖子上还挂个奶嘴, 脖子上还挂了个奶嘴, 真的拿个奶瓶, 还自带奶瓶哈哈哈哈哈哈哈哈哈哈, 还自己拿水瓶, 机生的旅途从娃娃抓起, 这个我看过","['太可爱了，还拿个奶瓶', '还拿个奶瓶，怕不是个女程序员发明的[笑哭R]', '小豆丁可爱，还拿个奶瓶🍼[笑哭R]']",1. [69e4634a000000001401d826|post=69e4426b000000001d01c7ed|likes=486.0|top_like] 小机器人太小，奶量不足。 || 2. [69e453ae0000000014019429|post=69e4426b000000001d01c7ed|likes=323.0|top_like] 小的拿个奶瓶踉踉跄跄得往前冲太可爱了哎哟喂 || 3. [69e463c5000000001401ac10|post=69e4426b000000001d01c7ed|likes=291.0|top_like] 哈哈哈，一看真拿了个奶瓶🍼 || 4. [69e626750000000014019801|post=69e59e520000000022027a90|likes=137.0|cross_post] 拿着个奶瓶可可爱爱的 || 5. [69e5d7eb000000001401e42d|post=69e47f8f000000001f007203|likes=112.0|cross_post] 手上还有小奶瓶[黄金薯R] || 6. [69e4c8d8000000001401e415|post=69e48d54000000002102e178|likes=96.0|cross_post] 还有个小机器人拿着奶瓶跑 || 7. [69e47ec3000000001401a006|post=69e44278000000001a0217bb|likes=50.0|cross_post] 胸前还挂了一个奶嘴[捂脸R][捂脸R] || 8. [69e46048000000001401c024|post=69e4426b000000001d01c7ed|likes=3.0|random] 脖子上还挂着奶嘴儿呢[大笑R][偷笑R] || 9. [69e5c0420000000014018818|post=69e42cc100000000220001ad|likes=0.0|random] 还在喝奶就来跑步了 || 10. [69e4dd49000000001401c809|post=69e4426b000000001d01c7ed|likes=0.0|random] 那个小机器人是拿着奶瓶吗[笑哭R],"[post=69e4426b000000001d01c7ed; level=2; likes=486.0; status=混合; role=观众] 小机器人太小，奶量不足。
---
[post=69e4426b000000001d01c7ed; level=2; likes=323.0; status=混合; role=观众] 小的拿个奶瓶踉踉跄跄得往前冲太可爱了哎哟喂
---
[post=69e4426b000000001d01c7ed; level=2; likes=291.0; status=混合; role=观众] 哈哈哈，一看真拿了个奶瓶🍼
---
[post=69e59e520000000022027a90; level=2; likes=137.0; status=弱势; role=观众] 拿着个奶瓶可可爱爱的
---
[post=69e47f8f000000001f007203; level=2; likes=112.0; status=混合; role=观众] 手上还有小奶瓶[黄金薯R]","[post=69e4426b000000001d01c7ed; level=2; likes=486.0; status=混合; role=观众] 小机器人太小，奶量不足。
---
[post=69e59e520000000022027a90; level=2; likes=137.0; status=弱势; role=观众] 拿着个奶瓶可可爱爱的
---
[post=69e47f8f000000001f007203; level=2; likes=112.0; status=混合; role=观众] 手上还有小奶瓶[黄金薯R]
---
[post=69e48d54000000002102e178; level=2; likes=96.0; status=弱势; role=保护者] 还有个小机器人拿着奶瓶跑
---
[post=69e44278000000001a0217bb; level=2; likes=50.0; status=强势; role=被超越者] 胸前还挂了一个奶嘴[捂脸R][捂脸R]
---
[post=69e481e8000000002003ad94; level=2; likes=29.0; status=强势; role=服务者] 是冰淇淋，这个机器人叫李明，李明喜欢吃冰淇淋，有喜欢的食物会跑的更快。
---
[post=69e634590000000022003bb5; level=2; likes=16.0; status=常态; role=观众] 那还挺小巧思的，我看有的拿奶瓶啊什么的就纯粹是装饰了
---
[post=69e48341000000001a02d0c4; level=2; likes=11.0; status=强势; role=观众] 胸前还有奶嘴！","[post=69e42cc100000000220001ad; level=2; likes=0.0; status=弱势; role=观众] 这还是个喝奶的娃啊，机生的旅途从娃娃抓起[笑哭R]
---
[post=69e42cc100000000220001ad; level=2; likes=0.0; status=弱势; role=观众] 可能给你喂药时够不着你[满月R]
---
[post=69e6f2bc0000000023005345; level=2; likes=0.0; status=弱势; role=观众] 对呀，超可爱哈哈，还拿着奶瓶
---
[post=69e48341000000001a02d0c4; level=2; likes=11.0; status=强势; role=观众] 胸前还有奶嘴！
---
[post=69e46730000000001d0199c8; level=2; likes=0.0; status=强势; role=观众] 头上是什么？头上是个头吧[笑哭R]",high_post_dominance
20,87,87,5,0.8160919540229885,"大湾鸡, 要花生米, 飞吻r, 机器人套了大湾鸡的壳, 椒麻鸡丝拌面也好吃, 我要吃麻酱的, 我要吃麻酱凉面, 我要吃酸甜加冰的, 我要一碗, 我的再加点黄豆芽和海带丝","['要花生米！要花生米！', '大湾鸡！你小子怎么也去了[嘻嘻R]', '太可爱了，大湾鸡[飞吻R][飞吻R][飞吻R]']",1. [69e974a8000000001401e011|post=69e46032000000001f002048|likes=1082.0|top_like] 凉面要吃鸡丝的 || 2. [69e975ff000000001401e820|post=69e46032000000001f002048|likes=378.0|top_like] 鸡丝凉面要加点醋好吃[坏笑R] || 3. [69e976070000000014013006|post=69e46032000000001f002048|likes=239.0|top_like] 鸡丝要吃麻辣的 || 4. [69e575550000000014019c01|post=69e47f8f000000001f007203|likes=40.0|cross_post] 机器人套了大湾鸡的壳 || 5. [69e6fc61000000001401e038|post=69e481e8000000002003ad94|likes=7.0|cross_post] 估计是蒜瓣，提神醒脑 || 6. [69e742ea000000001401cc07|post=69e42cc100000000220001ad|likes=0.0|cross_post] 大树底下挂辣椒呢 || 7. [69e81344000000001401d809|post=69e6f2bc0000000023005345|likes=0.0|cross_post] 你别说大湾鸡跑的还挺快 || 8. [69eaba2f000000001401c804|post=69e46032000000001f002048|likes=0.0|random] 夏天吃凉面确实爽[微笑R] || 9. [69e98f5b0000000014019404|post=69e46032000000001f002048|likes=0.0|random] 我要一碗，微辣的 || 10. [69e9a67f0000000014019415|post=69e46032000000001f002048|likes=0.0|random] 凉面要加点黄瓜丝和花生碎,"[post=69e46032000000001f002048; level=2; likes=1082.0; status=常态; role=保护者] 凉面要吃鸡丝的
---
[post=69e46032000000001f002048; level=2; likes=378.0; status=常态; role=保护者] 鸡丝凉面要加点醋好吃[坏笑R]
---
[post=69e46032000000001f002048; level=2; likes=239.0; status=常态; role=保护者] 鸡丝要吃麻辣的
---
[post=69e46032000000001f002048; level=2; likes=205.0; status=常态; role=保护者] 凉面要加黄瓜丝
---
[post=69e46032000000001f002048; level=2; likes=130.0; status=常态; role=保护者] 椒麻鸡丝拌面也好吃[萌萌哒R]","[post=69e46032000000001f002048; level=2; likes=1082.0; status=常态; role=保护者] 凉面要吃鸡丝的
---
[post=69e47f8f000000001f007203; level=2; likes=40.0; status=混合; role=观众] 机器人套了大湾鸡的壳
---
[post=69e481e8000000002003ad94; level=2; likes=7.0; status=强势; role=服务者] 估计是蒜瓣，提神醒脑
---
[post=69e42cc100000000220001ad; level=2; likes=0.0; status=弱势; role=观众] 大树底下挂辣椒呢
---
[post=69e6f2bc0000000023005345; level=2; likes=0.0; status=弱势; role=观众] 你别说大湾鸡跑的还挺快","[post=69e46032000000001f002048; level=2; likes=0.0; status=常态; role=保护者] 凉面不许加花生米
---
[post=69e46032000000001f002048; level=2; likes=0.0; status=常态; role=保护者] 加一点藤椒油麻酱，再加一点糖！
---
[post=69e46032000000001f002048; level=2; likes=2.0; status=常态; role=保护者] 我要吃麻酱的
---
[post=69e46032000000001f002048; level=2; likes=0.0; status=常态; role=保护者] 我要吃麻酱鸡丝的
---
[post=69e46032000000001f002048; level=2; likes=6.0; status=常态; role=保护者] 我喜欢吃红油的[捂嘴笑R]",high_post_dominance
21,83,86,19,0.3132530120481928,"都是骗补贴的, 有岗位, 骗补贴, 这种服务你这样的普通人享受不到的, 目的在于补贴, 这是在展示公司能力, 现在还有什么东西能圈钱, 现在就是吸引关注, 这能叫骗钱美国华尔街和硅谷几百亿投资ppt叫什么, 这里面有一大半是骗补贴的","['有需求就会有供应，有人看就是意义，没人看就没意义', '人控制，都是骗补贴的', '都是骗补贴的，参加这个就是给领导一个交代[捂脸R]']",1. [69e43ce7000000001401dc3a|post=69e40352000000002102fc75|likes=39.0|top_like] 造势 骗补贴 || 2. [69db148b0000000002035c6d|post=69da7e87000000001a03484e|likes=34.0|top_like] 国家补贴有很大一部分就是给人骗的，只要能养出一两家有真东西的企业，那就是赚 || 3. [69e57476000000001401dc15|post=69e481e8000000002003ad94|likes=29.0|top_like] 资金吹泡泡需要，抵押估值需要。 || 4. [69e58dd1000000001401c026|post=69e47f8f000000001f007203|likes=25.0|cross_post] 公共展示一下让大众认识一下怎样拉投资[偷笑R] || 5. [69e4a090000000001401b020|post=69e48341000000001a02d0c4|likes=11.0|cross_post] 娱乐，陪伴，装点门面，服务，只要价格打下来[偷笑R] || 6. [69e44127000000001401a819|post=69e2583b00000000230211ea|likes=9.0|cross_post] 其实领导也知道骗补。那么为什么还要让补，匪夷所思 || 7. [69e5334b000000001401c803|post=69e4b08d000000001d01c1bc|likes=7.0|cross_post] 毕竟出的晚，要打开市场还是得靠广告 || 8. [69f9400b0000000028039ec1|post=69e48d54000000002102e178|likes=0.0|random] 工资到位 五险到位[doge] || 9. [69e5b44c000000001401c000|post=69e481e8000000002003ad94|likes=0.0|random] 品牌策划白当了 || 10. [69e9b3bf000000001401e429|post=69e46032000000001f002048|likes=1.0|random] 是投机还是投机取巧你心里面有数！,"[post=69e40352000000002102fc75; level=2; likes=39.0; status=常态; role=服务者] 造势 骗补贴
---
[post=69da7e87000000001a03484e; level=2; likes=34.0; status=强势; role=观众] 国家补贴有很大一部分就是给人骗的，只要能养出一两家有真东西的企业，那就是赚
---
[post=69e481e8000000002003ad94; level=2; likes=29.0; status=强势; role=服务者] 资金吹泡泡需要，抵押估值需要。
---
[post=69e481e8000000002003ad94; level=2; likes=25.0; status=强势; role=服务者] 股票套了多少
---
[post=69e47f8f000000001f007203; level=2; likes=25.0; status=混合; role=观众] 公共展示一下让大众认识一下怎样拉投资[偷笑R]","[post=69e40352000000002102fc75; level=2; likes=39.0; status=常态; role=服务者] 造势 骗补贴
---
[post=69da7e87000000001a03484e; level=2; likes=34.0; status=强势; role=观众] 国家补贴有很大一部分就是给人骗的，只要能养出一两家有真东西的企业，那就是赚
---
[post=69e481e8000000002003ad94; level=2; likes=29.0; status=强势; role=服务者] 资金吹泡泡需要，抵押估值需要。
---
[post=69e47f8f000000001f007203; level=2; likes=25.0; status=混合; role=观众] 公共展示一下让大众认识一下怎样拉投资[偷笑R]
---
[post=69e48341000000001a02d0c4; level=2; likes=11.0; status=强势; role=观众] 娱乐，陪伴，装点门面，服务，只要价格打下来[偷笑R]
---
[post=69e2583b00000000230211ea; level=2; likes=9.0; status=失败; role=抢救者] 其实领导也知道骗补。那么为什么还要让补，匪夷所思
---
[post=69e4b08d000000001d01c1bc; level=2; likes=7.0; status=混合; role=观众] 毕竟出的晚，要打开市场还是得靠广告
---
[post=69e48b0b000000001a02578c; level=2; likes=4.0; status=失败; role=服务者] 是不是被概念股套牢了","[post=69e481e8000000002003ad94; level=2; likes=0.0; status=强势; role=服务者] 提供就业岗位，这个意义够了吗
---
[post=69db34bb000000001a0348ae; level=2; likes=0.0; status=失败; role=抢救者] 既然有人掏钱，那爱宠人士开一个不就行了，按你这说法肯定赚翻了啊
---
[post=69e40352000000002102fc75; level=2; likes=7.0; status=常态; role=服务者] 这能叫骗钱美国华尔街和硅谷几百亿投资ppt叫什么？[微笑R]
---
[post=69e481e8000000002003ad94; level=2; likes=0.0; status=强势; role=服务者] 炒股被，资本需要故事
---
[post=69e40352000000002102fc75; level=2; likes=0.0; status=常态; role=服务者] 有需求就会有供应，有人看就是意义，没人看就没意义",high_post_dominance
22,76,83,18,0.3026315789473684,"点赞r, 真要去抢送外卖啊, 这怎么幼儿园也出来打比赛, 这几天我都在看这个比赛哈哈哈, 这是类似于学生比赛, 这到底是个什么比赛, 这比打游戏的比赛有意义多了, 这是天工, 这么小就参赛啦, 这是赛事","['这两个根本就不是来参赛的，打广告[抠鼻R]', '没事，我吐槽一下而已！这种比赛也是在变相做测试什么的，这种操作应该都是有意义的，只是我不理解而已！[捂脸R]', '几岁啦？这么小就参赛啦？有前途[点赞R]']",1. [69e55d9a0000000014018807|post=69e47f8f000000001f007203|likes=247.0|top_like] 我以为它是这场比赛的吉祥物，原来也是参赛选手啊[笑哭R] || 2. [69e4ab2c000000001401d804|post=69e48d54000000002102e178|likes=122.0|top_like] 跟你们这些天赋型选手拼了 || 3. [69e5bb51000000001401b817|post=69e481e8000000002003ad94|likes=84.0|top_like] 这个比赛有自主组，也有非自主组[汗颜R] || 4. [69e42b8d000000001401d40c|post=69e40352000000002102fc75|likes=27.0|cross_post] 为什么一定要国外公司参加才有意义？这个赛道地球上还有几家国外公司能玩？ || 5. [69e452ea000000001401901b|post=69e42cc100000000220001ad|likes=22.0|cross_post] 这比打游戏的比赛有意义多了 || 6. [69e46777000000001401cc25|post=69e43b14000000001a02e095|likes=8.0|cross_post] 去对比第一届的表现就知道意义了 || 7. [69db26e8000000003501c4b7|post=69da7e87000000001a03484e|likes=5.0|cross_post] 这要是美国的比赛你还会问有什么实际意义吗[偷笑R] || 8. [69e49fdc000000001401a401|post=69e481e8000000002003ad94|likes=0.0|random] 你要是专业运动员也有一个团队伺候你 || 9. [69e48f58000000001401c42c|post=69e48341000000001a02d0c4|likes=1.0|random] 必须一年赢够365次，那才叫赢[点赞R][点赞R] || 10. [69e5e86c000000001401d402|post=69e481e8000000002003ad94|likes=0.0|random] 那现在在平地上面比赛有何意义呢,"[post=69e47f8f000000001f007203; level=2; likes=247.0; status=混合; role=观众] 我以为它是这场比赛的吉祥物，原来也是参赛选手啊[笑哭R]
---
[post=69e48d54000000002102e178; level=2; likes=122.0; status=弱势; role=保护者] 跟你们这些天赋型选手拼了
---
[post=69e481e8000000002003ad94; level=2; likes=84.0; status=强势; role=服务者] 这个比赛有自主组，也有非自主组[汗颜R]
---
[post=69e47f8f000000001f007203; level=2; likes=34.0; status=混合; role=观众] 以赛促进，以赛促学[笑哭R]
---
[post=69e40352000000002102fc75; level=2; likes=27.0; status=常态; role=服务者] 为什么一定要国外公司参加才有意义？这个赛道地球上还有几家国外公司能玩？","[post=69e47f8f000000001f007203; level=2; likes=247.0; status=混合; role=观众] 我以为它是这场比赛的吉祥物，原来也是参赛选手啊[笑哭R]
---
[post=69e48d54000000002102e178; level=2; likes=122.0; status=弱势; role=保护者] 跟你们这些天赋型选手拼了
---
[post=69e481e8000000002003ad94; level=2; likes=84.0; status=强势; role=服务者] 这个比赛有自主组，也有非自主组[汗颜R]
---
[post=69e40352000000002102fc75; level=2; likes=27.0; status=常态; role=服务者] 为什么一定要国外公司参加才有意义？这个赛道地球上还有几家国外公司能玩？
---
[post=69e42cc100000000220001ad; level=2; likes=22.0; status=弱势; role=观众] 这比打游戏的比赛有意义多了
---
[post=69e43b14000000001a02e095; level=2; likes=8.0; status=弱势; role=服务者] 去对比第一届的表现就知道意义了
---
[post=69da7e87000000001a03484e; level=2; likes=5.0; status=强势; role=观众] 这要是美国的比赛你还会问有什么实际意义吗[偷笑R]
---
[post=69e4426b000000001d01c7ed; level=2; likes=5.0; status=混合; role=观众] 各种赛道总要探索的","[post=69e59e520000000022027a90; level=2; likes=0.0; status=弱势; role=观众] 哈哈哈哈哈哈怎么今年和去年的比赛都这么好笑啊
---
[post=69e40352000000002102fc75; level=2; likes=0.0; status=常态; role=服务者] 那就是这种竞赛的形式有问题了
---
[post=69df625d0000000021005c63; level=2; likes=1.0; status=失败; role=观众] 你真的好爱这个比赛
---
[post=69e481e8000000002003ad94; level=2; likes=0.0; status=强势; role=服务者] 你要是专业运动员也有一个团队伺候你
---
[post=69df625d0000000021005c63; level=2; likes=0.0; status=失败; role=观众] 有远见，冠军就是它[赞R]",high_post_dominance
23,74,81,1,1.0,"发动机, 发动机不差, 赞r, 汗颜r, 汽车和发动机其实也碾压了, 现在国产几乎都是电车, 还是喜欢油车的力感, 还老生常谈发动机啊, 电机比日本好了, 骗你的","['日本发动机那么领先，一定造出六代机了吧？火箭、飞船等航天领域一定成就斐然吧？高铁一定比中国快很多吧？汽车一定比中国产新能源车快很多吧？哈哈哈哈哈哈哈哈哈哈哈', '汽车领域已经开始了，可以看一下刚结束的曼谷车展，泰国之前一直是日系车领地，在当地有很多工厂，今年国产车拿下了7成的单子。这波石油价格起飞，新能源车大卖，石油用来当燃料太可惜了，工业必需品。', '发动机部分领域已经超过日本了，比如1500马力柴油机国产坦克大列装好多年没啥问题，日本的还在流大姨妈，现在换成10式1200马力的了。潍柴的500马力柴油机热效率全球一流，燃气轮机，喷气式发动机世界前三，这些高端发动机不知道甩日本几条街，汽车发动机快发展到头了，全世界的汽车大厂基本指标都大差不差']",1. [69e5660b000000001401a004|post=69e48341000000001a02d0c4|likes=93.0|top_like] 中国弯道超车，走电车路线，三电技术甩日本几条街 || 2. [69e566b9000000001401980c|post=69e48341000000001a02d0c4|likes=50.0|top_like] 如果说汽车电机的话，应该不差日本了。燃油发动机确实国产的不行 || 3. [69e5691f000000001401a003|post=69e48341000000001a02d0c4|likes=22.0|top_like] 国产发动机不差好吧，主要是变速箱还有发变配合 || 4. [69e597e2000000001401d809|post=69e48341000000001a02d0c4|likes=0.0|random] 你不知道张雪机车夺冠吗，发动机哪里差了，再说现在新能源车的天下以后也是 || 5. [69e5a60d000000001401c40b|post=69e48341000000001a02d0c4|likes=0.0|random] 发动机不差，是专利墙绕不过去，军工不在乎专利，你看看军工发动机 || 6. [69e5ba36000000001401b002|post=69e48341000000001a02d0c4|likes=0.0|random] 乐了，还老生常谈发动机啊？？现在新能源汽车用的是电机，油车的发动机那么老套了。你简直是在高铁时代谈中国没能在蒸汽火车领先一样 || 7. [69e56e26000000001401a80c|post=69e48341000000001a02d0c4|likes=13.0|fill] 我是外行哦，但是感觉电车好像已经比日本好了。 || 8. [69e567e2000000001401c80f|post=69e48341000000001a02d0c4|likes=8.0|fill] 谁说的不行，日本车有一些都买中国的发动机！很多所谓的不行不是造不出来，是专利问题 || 9. [69e57e570000000014019408|post=69e48341000000001a02d0c4|likes=3.0|fill] 新能源日本车已经拉完了[捂脸R] || 10. [69e56e12000000001401dc12|post=69e48341000000001a02d0c4|likes=2.0|fill] 弯道超车,"[post=69e48341000000001a02d0c4; level=2; likes=93.0; status=强势; role=观众] 中国弯道超车，走电车路线，三电技术甩日本几条街
---
[post=69e48341000000001a02d0c4; level=2; likes=50.0; status=强势; role=观众] 如果说汽车电机的话，应该不差日本了。燃油发动机确实国产的不行
---
[post=69e48341000000001a02d0c4; level=2; likes=22.0; status=强势; role=观众] 国产发动机不差好吧，主要是变速箱还有发变配合
---
[post=69e48341000000001a02d0c4; level=2; likes=13.0; status=强势; role=观众] 我是外行哦，但是感觉电车好像已经比日本好了。
---
[post=69e48341000000001a02d0c4; level=2; likes=8.0; status=强势; role=观众] 谁说的不行，日本车有一些都买中国的发动机！很多所谓的不行不是造不出来，是专利问题",[post=69e48341000000001a02d0c4; level=2; likes=93.0; status=强势; role=观众] 中国弯道超车，走电车路线，三电技术甩日本几条街,"[post=69e48341000000001a02d0c4; level=2; likes=13.0; status=强势; role=观众] 我是外行哦，但是感觉电车好像已经比日本好了。
---
[post=69e48341000000001a02d0c4; level=2; likes=0.0; status=强势; role=观众] 都是电车天下了，电机这点完爆日本
---
[post=69e48341000000001a02d0c4; level=2; likes=1.0; status=强势; role=观众] 发动机专利都给德国和日本抢占先机了，只能换个赛道
---
[post=69e48341000000001a02d0c4; level=2; likes=0.0; status=强势; role=观众] 并不差。只是国内重心主要在电机化，燃油不是目前的目标，有就行了。小米su7u，同样马力的燃油车多少钱？
---
[post=69e48341000000001a02d0c4; level=2; likes=1.0; status=强势; role=观众] 发动机是专利卡死了，电机才是未来方向[微笑R]",high_post_dominance
24,73,76,15,0.3013698630136986,"快了, 慢慢来, 是啊, 没事哒, 马上就能亲眼见到了, 需要时间, 我相信制造者肯定留有后手的, 有这些东西才能在这个基础上全棉开花, 逐渐越来越强, 时代需要发展","['快了，五年内我觉得做到你这个要求没问题', '慢慢来，发展需要时间[红色心形R]', '没事哒，再过几年就有了，慢慢来']",1. [69e42b1a000000001401901d|post=69e40352000000002102fc75|likes=27.0|top_like] 慢慢来，发展需要时间[红色心形R] || 2. [69db131c0000000035033e92|post=69da7e87000000001a03484e|likes=20.0|top_like] 未来肯定的 || 3. [69e49d19000000001401d436|post=69e4412a000000002103883f|likes=10.0|top_like] 我预约不需要100年啊 || 4. [69e4cf42000000001401c812|post=69e48341000000001a02d0c4|likes=9.0|cross_post] 这个发展速度，等不了多久 || 5. [69e589060000000014019004|post=69e481e8000000002003ad94|likes=6.0|cross_post] 这只是发展初期，后续肯定不会这样的呀 || 6. [69e701e40000000014018c02|post=69e59e520000000022027a90|likes=3.0|cross_post] 很正常啊，过个三五年就行了 || 7. [69dfa23700000000350278a9|post=69df625d0000000021005c63|likes=2.0|cross_post] 发展也不耽误大家笑嘛[害羞R] || 8. [69e6ea9b000000001401cc32|post=69e481e8000000002003ad94|likes=0.0|random] 再等等，这是量产的过程 || 9. [69e5878f000000001401940f|post=69e48341000000001a02d0c4|likes=0.0|random] 稳步前进，十年内肯定超越。 || 10. [69e586ba000000001401d40e|post=69e481e8000000002003ad94|likes=3.0|random] 耐心一点吧，已经发展很快了,"[post=69e40352000000002102fc75; level=2; likes=27.0; status=常态; role=服务者] 慢慢来，发展需要时间[红色心形R]
---
[post=69da7e87000000001a03484e; level=2; likes=20.0; status=强势; role=观众] 未来肯定的
---
[post=69e4412a000000002103883f; level=2; likes=10.0; status=强势; role=观众] 我预约不需要100年啊
---
[post=69e48341000000001a02d0c4; level=2; likes=9.0; status=强势; role=观众] 这个发展速度，等不了多久
---
[post=69da7e87000000001a03484e; level=2; likes=6.0; status=强势; role=观众] 再过10年15年看看","[post=69e40352000000002102fc75; level=2; likes=27.0; status=常态; role=服务者] 慢慢来，发展需要时间[红色心形R]
---
[post=69da7e87000000001a03484e; level=2; likes=20.0; status=强势; role=观众] 未来肯定的
---
[post=69e4412a000000002103883f; level=2; likes=10.0; status=强势; role=观众] 我预约不需要100年啊
---
[post=69e48341000000001a02d0c4; level=2; likes=9.0; status=强势; role=观众] 这个发展速度，等不了多久
---
[post=69e481e8000000002003ad94; level=2; likes=6.0; status=强势; role=服务者] 这只是发展初期，后续肯定不会这样的呀
---
[post=69e59e520000000022027a90; level=2; likes=3.0; status=弱势; role=观众] 很正常啊，过个三五年就行了
---
[post=69df625d0000000021005c63; level=2; likes=2.0; status=失败; role=观众] 发展也不耽误大家笑嘛[害羞R]
---
[post=69e2583b00000000230211ea; level=2; likes=2.0; status=失败; role=抢救者] 现阶段确实是，但是以后就说不准了[偷笑R]","[post=69da7e87000000001a03484e; level=2; likes=3.0; status=强势; role=观众] 医院以后有了的话会给开绿灯的。
---
[post=69da7e87000000001a03484e; level=2; likes=0.0; status=强势; role=观众] 我觉得有人能治
---
[post=69e481e8000000002003ad94; level=2; likes=0.0; status=强势; role=服务者] 你要知道，不是所有东西都是树上结的，地里长的。
---
[post=69e40352000000002102fc75; level=2; likes=0.0; status=常态; role=服务者] 给他们时间发展，快了
---
[post=69e481e8000000002003ad94; level=2; likes=0.0; status=强势; role=服务者] 再等等，这是量产的过程",high_post_dominance
25,66,74,6,0.9242424242424242,"云南白药, 云南白药气雾剂, 云南白药喷雾, 防止跌打损伤, 机器人有机器人的云南白药, 机器人版云南白药喷雾剂, 是云南白药气雾剂, 机器人也腿疼, 抽筋啦, 我看球员都踢","['云南白药。加的运动饮料', '云南白药，喷上去凉凉的[doge]', '云南白药，怕机器人膝盖疼[doge]']",1. [69e48a26000000001401980f|post=69e481e8000000002003ad94|likes=108.0|top_like] 我以为是云南白药呢[暗中观察R] || 2. [69e5c131000000001401c816|post=69e47f8f000000001f007203|likes=7.0|top_like] 我有次大腿抽筋了，就这样，要喷药[偷笑R] || 3. [69e7a39f0000000014019c09|post=69e634590000000022003bb5|likes=5.0|top_like] 借楼问一下这喷的是啥 云南白药吗 || 4. [69db020f0000000002028aff|post=69da7e87000000001a03484e|likes=0.0|cross_post] 宫廷玉液酒，下一句？ || 5. [69e48b2a000000001401940c|post=69e43b14000000001a02e095|likes=0.0|cross_post] 云南白药得给代言费啊[捂脸R] || 6. [69ead249000000001401e40b|post=69e4426b000000001d01c7ed|likes=0.0|cross_post] 右脚抽筋了 || 7. [69e6e045000000001401e01d|post=69e481e8000000002003ad94|likes=0.0|random] 什么工业神药 || 8. [69e4a922000000001401901a|post=69e481e8000000002003ad94|likes=1.0|random] 云南白药，防止跌打损伤。 || 9. [69e4a26b000000001401c004|post=69e481e8000000002003ad94|likes=0.0|random] 雲南白藥噴劑 有效緩解疲勞 止痛消腫 || 10. [69e48cc6000000001401c034|post=69e481e8000000002003ad94|likes=3.0|fill] 云南白药，怕机器人膝盖疼[doge],"[post=69e481e8000000002003ad94; level=2; likes=108.0; status=强势; role=服务者] 我以为是云南白药呢[暗中观察R]
---
[post=69e47f8f000000001f007203; level=2; likes=7.0; status=混合; role=观众] 我有次大腿抽筋了，就这样，要喷药[偷笑R]
---
[post=69e634590000000022003bb5; level=2; likes=5.0; status=常态; role=观众] 借楼问一下这喷的是啥 云南白药吗
---
[post=69e481e8000000002003ad94; level=2; likes=3.0; status=强势; role=服务者] 云南白药，怕机器人膝盖疼[doge]
---
[post=69e481e8000000002003ad94; level=2; likes=1.0; status=强势; role=服务者] 应该是类似云南白药喷剂","[post=69e481e8000000002003ad94; level=2; likes=108.0; status=强势; role=服务者] 我以为是云南白药呢[暗中观察R]
---
[post=69e47f8f000000001f007203; level=2; likes=7.0; status=混合; role=观众] 我有次大腿抽筋了，就这样，要喷药[偷笑R]
---
[post=69e634590000000022003bb5; level=2; likes=5.0; status=常态; role=观众] 借楼问一下这喷的是啥 云南白药吗
---
[post=69da7e87000000001a03484e; level=2; likes=0.0; status=强势; role=观众] 宫廷玉液酒，下一句？
---
[post=69e43b14000000001a02e095; level=2; likes=0.0; status=弱势; role=服务者] 云南白药得给代言费啊[捂脸R]
---
[post=69e4426b000000001d01c7ed; level=2; likes=0.0; status=混合; role=观众] 右脚抽筋了","[post=69e481e8000000002003ad94; level=2; likes=0.0; status=强势; role=服务者] 机器人版云南白药喷雾剂
---
[post=69e481e8000000002003ad94; level=2; likes=0.0; status=强势; role=服务者] 喷云南白药气雾剂[笑哭R]
---
[post=69e481e8000000002003ad94; level=2; likes=0.0; status=强势; role=服务者] 氨糖，保护膝盖的
---
[post=69e481e8000000002003ad94; level=2; likes=1.0; status=强势; role=服务者] 云南白药，防止跌打损伤。
---
[post=69e481e8000000002003ad94; level=2; likes=0.0; status=强势; role=服务者] 应该是云南白药气雾剂[笑哭R]",high_post_dominance
26,64,73,12,0.484375,"闪电, 黑宇树, 白天工, 荣耀的, 红荣耀, 深圳国资委出了大头, 没想到荣耀这么久, 比如荣耀的闪电, 此荣耀是彼荣耀吗, 所以荣耀包揽了前三","['第一个撞线的确实是遥控的，是遥控版的“闪电”，不知道是不是荣耀官方派的还是第三方用“闪电”参赛，但跟宇树八竿子打不着啊', '白天工，红荣耀，黑宇树', '白天工，红荣耀，黑宇树。']",1. [69e62b3f0000000014019823|post=69e59e520000000022027a90|likes=175.0|top_like] 荣耀的两个机器人太正常了[捂脸R]就跟f1赛车里一骑绝尘的都没啥镜头一样，那些撞车的上墙的才是观众爱看的[捂脸R] || 2. [69e639f2000000001401a425|post=69e59e520000000022027a90|likes=130.0|top_like] 拍手那个是其他厂家买的宇树机器人，程序是自己开发的；宇树用的机器人不是春晚上那一款，宇树没拿冠军是因为他们的机器人开始的设计不是为了跑所以结构上肯定比不过专为跑步的机器人，荣耀那个机器人属于创造出来只为了跑步，设计方向不一样 || 3. [69e64f29000000001401bc19|post=69e45dbe000000001f00434f|likes=77.0|top_like] 那个元气仔也是荣耀的 || 4. [69e4698b0000000014019809|post=69e44278000000001a0217bb|likes=37.0|cross_post] 白天工，红荣耀，黑宇树。 || 5. [69e5c1c0000000001401c016|post=69e463df000000001b003017|likes=32.0|cross_post] 这个是荣耀的[暗中观察R]荣耀拿奖的时候宇树的正在玩[暗中观察R] || 6. [69df940900000000150013ed|post=69df625d0000000021005c63|likes=23.0|cross_post] [doge]上面的标看起来是荣耀 || 7. [69e5be83000000001401901d|post=69e47f8f000000001f007203|likes=8.0|cross_post] 荣耀的机器人元气仔，跑姿也得奖了 || 8. [69e4a6dd000000001401b814|post=69e4426b000000001d01c7ed|likes=0.0|random] 华人牌2060款手机傻妞为您服务 || 9. [69e8b81f000000001401d82d|post=69e59e520000000022027a90|likes=6.0|random] 好像说前六名都是荣耀 || 10. [69dfa0c400000000010064ff|post=69df625d0000000021005c63|likes=0.0|random] 我检索了一下，还真的是那家荣耀公司。就是不知道他这一款机器人的定位。,"[post=69e59e520000000022027a90; level=2; likes=175.0; status=弱势; role=观众] 荣耀的两个机器人太正常了[捂脸R]就跟f1赛车里一骑绝尘的都没啥镜头一样，那些撞车的上墙的才是观众爱看的[捂脸R]
---
[post=69e59e520000000022027a90; level=2; likes=130.0; status=弱势; role=观众] 拍手那个是其他厂家买的宇树机器人，程序是自己开发的；宇树用的机器人不是春晚上那一款，宇树没拿冠军是因为他们的机器人开始的设计不是为了跑所以结构上肯定比不过专为跑步的机器人，荣耀那个机器人属于创造出来只为了跑步，设计方向不一样
---
[post=69e45dbe000000001f00434f; level=2; likes=77.0; status=强势; role=观众] 那个元气仔也是荣耀的
---
[post=69e59e520000000022027a90; level=2; likes=56.0; status=弱势; role=观众] 宇树成绩也还不错，只是荣耀这波太强势了，听说只研发了一年
---
[post=69e59e520000000022027a90; level=2; likes=50.0; status=弱势; role=观众] 前六都是荣耀的机器人，就是那个荣耀，你懂的。别怀疑，就那家。","[post=69e59e520000000022027a90; level=2; likes=175.0; status=弱势; role=观众] 荣耀的两个机器人太正常了[捂脸R]就跟f1赛车里一骑绝尘的都没啥镜头一样，那些撞车的上墙的才是观众爱看的[捂脸R]
---
[post=69e45dbe000000001f00434f; level=2; likes=77.0; status=强势; role=观众] 那个元气仔也是荣耀的
---
[post=69e44278000000001a0217bb; level=2; likes=37.0; status=强势; role=被超越者] 白天工，红荣耀，黑宇树。
---
[post=69e463df000000001b003017; level=2; likes=32.0; status=强势; role=服务者] 这个是荣耀的[暗中观察R]荣耀拿奖的时候宇树的正在玩[暗中观察R]
---
[post=69df625d0000000021005c63; level=2; likes=23.0; status=失败; role=观众] [doge]上面的标看起来是荣耀
---
[post=69e47f8f000000001f007203; level=2; likes=8.0; status=混合; role=观众] 荣耀的机器人元气仔，跑姿也得奖了
---
[post=69da7e87000000001a03484e; level=2; likes=0.0; status=强势; role=观众] 第二个就荣耀
---
[post=69e4412a000000002103883f; level=2; likes=0.0; status=强势; role=观众] 都是冠军厂商呀","[post=69e59e520000000022027a90; level=2; likes=2.0; status=弱势; role=观众] 第一个是遥控的荣耀，前六都是荣耀，是不是记成去年的了
---
[post=69e59e520000000022027a90; level=2; likes=175.0; status=弱势; role=观众] 荣耀的两个机器人太正常了[捂脸R]就跟f1赛车里一骑绝尘的都没啥镜头一样，那些撞车的上墙的才是观众爱看的[捂脸R]
---
[post=69e46032000000001f002048; level=2; likes=0.0; status=常态; role=保护者] 打开王者荣耀
---
[post=69df625d0000000021005c63; level=2; likes=2.0; status=失败; role=观众] 应该是荣耀，今天电视上都播了
---
[post=69df625d0000000021005c63; level=2; likes=3.0; status=失败; role=观众] 跑得很快的是荣耀的，荣耀原来是华为的，后来被勒脖子的时候，卖给了，深圳国资委出了大头。所以是大厂出品",high_post_dominance
27,59,72,10,0.7457627118644068,"钛合金膝盖, 没事, 没事他膝盖钢做的, 没有恢复期, 新膝盖, 换个人造膝盖, 换个膝盖就行了, 我的换膝手术很便宜, 拔罐我都安排好了, 所以膝盖疼不能怪跑姿","['真·钛合金膝盖', '工程师：真·钛合金膝盖，小子', '没事，赛后按摩，针灸，拔罐我都安排好了[偷笑R]']",1. [69dae0110000000035031dd3|post=69da7e87000000001a03484e|likes=590.0|top_like] 刚换的钛合金膝盖 || 2. [69e445fa000000001401880b|post=69e43b14000000001a02e095|likes=106.0|top_like] 胯骨轴子疼[暗中观察R] || 3. [69e47a560000000014018004|post=69e43b14000000001a02e095|likes=22.0|top_like] 冷却剂之类，前面那些跑的快的大个子都是胯骨自带液冷系统散热的，这个关节这么小一看就散热不好[笑哭R] || 4. [69e5c3d60000000014018003|post=69df625d0000000021005c63|likes=13.0|cross_post] 体育老师说蹲着跑伤膝盖[doge] || 5. [69e860fa0000000014019010|post=69e481e8000000002003ad94|likes=4.0|cross_post] 胯骨轴散热 || 6. [69e574ec000000001401bc19|post=69e47f8f000000001f007203|likes=0.0|cross_post] 髋关节更换n[笑哭R] || 7. [69e585ae000000001401d410|post=69e447d2000000001d01aa01|likes=0.0|cross_post] 然后转成膝盖了[doge] || 8. [69dafee90000000016016a95|post=69da7e87000000001a03484e|likes=0.0|random] 人家可以随时换，不怕[doge] || 9. [69db06c9000000003501a0e1|post=69da7e87000000001a03484e|likes=0.0|random] 做个微创就好了 || 10. [69dbb344000000003501a0aa|post=69da7e87000000001a03484e|likes=0.0|random] 钛合金膝盖就是牛[笑哭R],"[post=69da7e87000000001a03484e; level=2; likes=590.0; status=强势; role=观众] 刚换的钛合金膝盖
---
[post=69e43b14000000001a02e095; level=2; likes=106.0; status=弱势; role=服务者] 胯骨轴子疼[暗中观察R]
---
[post=69e43b14000000001a02e095; level=2; likes=22.0; status=弱势; role=服务者] 冷却剂之类，前面那些跑的快的大个子都是胯骨自带液冷系统散热的，这个关节这么小一看就散热不好[笑哭R]
---
[post=69df625d0000000021005c63; level=2; likes=13.0; status=失败; role=观众] 体育老师说蹲着跑伤膝盖[doge]
---
[post=69da7e87000000001a03484e; level=2; likes=8.0; status=强势; role=观众] 工程师：真·钛合金膝盖，小子","[post=69da7e87000000001a03484e; level=2; likes=590.0; status=强势; role=观众] 刚换的钛合金膝盖
---
[post=69e43b14000000001a02e095; level=2; likes=106.0; status=弱势; role=服务者] 胯骨轴子疼[暗中观察R]
---
[post=69df625d0000000021005c63; level=2; likes=13.0; status=失败; role=观众] 体育老师说蹲着跑伤膝盖[doge]
---
[post=69e481e8000000002003ad94; level=2; likes=4.0; status=强势; role=服务者] 胯骨轴散热
---
[post=69e47f8f000000001f007203; level=2; likes=0.0; status=混合; role=观众] 髋关节更换n[笑哭R]
---
[post=69e447d2000000001d01aa01; level=2; likes=0.0; status=强势; role=服务者] 然后转成膝盖了[doge]
---
[post=69e2583b00000000230211ea; level=2; likes=0.0; status=失败; role=抢救者] 这个关节扭力太大了
---
[post=69e42cc100000000220001ad; level=2; likes=0.0; status=弱势; role=观众] 武艺被调侃跳起来打你膝盖的具象化哈哈哈哈哈哈","[post=69da7e87000000001a03484e; level=2; likes=8.0; status=强势; role=观众] 工程师：真·钛合金膝盖，小子
---
[post=69da7e87000000001a03484e; level=2; likes=0.0; status=强势; role=观众] 我合金膝盖[新月R]
---
[post=69e481e8000000002003ad94; level=2; likes=0.0; status=强势; role=服务者] 胯骨轴子
---
[post=69da7e87000000001a03484e; level=2; likes=1.0; status=强势; role=观众] 你要知道它膝盖伤了可以换，但是人的膝盖不可以[doge]
---
[post=69da7e87000000001a03484e; level=2; likes=0.0; status=强势; role=观众] 机器人：我的换膝手术很便宜，况且我老的快，可能不到明年就彻底退休了，无所畏了[抠鼻R]",high_post_dominance
29,53,64,10,0.6037735849056604,"那叫自动驾驶, 无人驾驶汽车, 有轮子的叫自动驾驶车, 技术迭代比你年龄快, 无人驾驶是不是也得有个按钮启动模式呢, 无人驾驶堂客不更省事, 智能驾驶电车, 无人驾驶, 无人汽车还没在你那里出现吗, 无人汽车","['那叫自动驾驶', '[笑哭R][笑哭R]技术迭代比你年龄快 五年前自动驾驶只是概念 现在已经完全落地了 我就这么说 五年前弄得东西现在都不弄了 甚至不是原来的人做新技术 而是新的人做新技术', '那叫自动驾驶[笑哭R]']",1. [69e42b41000000001401a021|post=69e40352000000002102fc75|likes=62.0|top_like] 那不就是汽车无人驾驶吗[doge] || 2. [69e46294000000001401b020|post=69e4426b000000001d01c7ed|likes=50.0|top_like] 满大街跑的智驾电动汽车了解一下[微笑R] || 3. [69e49c74000000001401cc11|post=69e481e8000000002003ad94|likes=7.0|top_like] 你说的那叫智能驾驶[笑哭R] || 4. [69e49ec1000000001401a810|post=69e48341000000001a02d0c4|likes=4.0|cross_post] 你是在说自动驾驶的快递车吗[doge] || 5. [69db84480000000015005c26|post=69da7e87000000001a03484e|likes=1.0|cross_post] 自动驾驶车：你凭什么认为我和你是一伙的[偷笑R] || 6. [69dff1c40000000035027006|post=69df625d0000000021005c63|likes=1.0|cross_post] 你说的那是特斯拉无人驾驶 || 7. [69e5ea170000000014018815|post=69e59e520000000022027a90|likes=1.0|cross_post] 车自动驾驶都能实现了，这整个两条腿的还分不清前后 || 8. [69de44370000000035009cae|post=69da7e87000000001a03484e|likes=0.0|random] 以后不需要，就跟无人驾驶一样 || 9. [69e5fb10000000001401e40a|post=69e481e8000000002003ad94|likes=0.0|random] 您是否在找:智能驾驶电车 || 10. [69e5f2f20000000014018c06|post=69e481e8000000002003ad94|likes=0.0|random] 那叫人工智能辅助驾驶[doge],"[post=69e40352000000002102fc75; level=2; likes=62.0; status=常态; role=服务者] 那不就是汽车无人驾驶吗[doge]
---
[post=69e4426b000000001d01c7ed; level=2; likes=50.0; status=混合; role=观众] 满大街跑的智驾电动汽车了解一下[微笑R]
---
[post=69e481e8000000002003ad94; level=2; likes=7.0; status=强势; role=服务者] 你说的那叫智能驾驶[笑哭R]
---
[post=69e481e8000000002003ad94; level=2; likes=5.0; status=强势; role=服务者] 无人驾驶汽车[抠鼻R]
---
[post=69e48341000000001a02d0c4; level=2; likes=4.0; status=强势; role=观众] 你是在说自动驾驶的快递车吗[doge]","[post=69e40352000000002102fc75; level=2; likes=62.0; status=常态; role=服务者] 那不就是汽车无人驾驶吗[doge]
---
[post=69e4426b000000001d01c7ed; level=2; likes=50.0; status=混合; role=观众] 满大街跑的智驾电动汽车了解一下[微笑R]
---
[post=69e481e8000000002003ad94; level=2; likes=7.0; status=强势; role=服务者] 你说的那叫智能驾驶[笑哭R]
---
[post=69e48341000000001a02d0c4; level=2; likes=4.0; status=强势; role=观众] 你是在说自动驾驶的快递车吗[doge]
---
[post=69da7e87000000001a03484e; level=2; likes=1.0; status=强势; role=观众] 自动驾驶车：你凭什么认为我和你是一伙的[偷笑R]
---
[post=69df625d0000000021005c63; level=2; likes=1.0; status=失败; role=观众] 你说的那是特斯拉无人驾驶
---
[post=69e59e520000000022027a90; level=2; likes=1.0; status=弱势; role=观众] 车自动驾驶都能实现了，这整个两条腿的还分不清前后
---
[post=69e46730000000001d0199c8; level=2; likes=0.0; status=强势; role=观众] 遥控车算自动驾驶么？两个领域啊[笑哭R][笑哭R][笑哭R]","[post=69e481e8000000002003ad94; level=2; likes=0.0; status=强势; role=服务者] 有轮子的叫无人驾驶汽车
---
[post=69e481e8000000002003ad94; level=2; likes=0.0; status=强势; role=服务者] 那叫自动驾驶汽车，武汉都已经商用了。
---
[post=69e48341000000001a02d0c4; level=2; likes=4.0; status=强势; role=观众] 你是在说自动驾驶的快递车吗[doge]
---
[post=69e59e520000000022027a90; level=2; likes=1.0; status=弱势; role=观众] [偷笑R]将来要车也是“无人驾驶”呢
---
[post=69e481e8000000002003ad94; level=2; likes=0.0; status=强势; role=服务者] 那tm叫无人车",high_post_dominance
30,51,59,2,0.9803921568627452,"wd40, 降温的, wd40吧, 只能通过反复喷涂wd40防止干燥, 降温, 这种电机打油是拆开了换润滑脂, 还有某些重机枪带的工具箱里面, 没见过这一款, 这不干冰吗, 机械灵丹妙药","['WD40 当水喷[惊恐R]', 'wd40，给缝隙处除锈除污的[笑哭R]', '感觉像轴承润滑的，因该是 wd40']",1. [69e48cbe000000001401e83b|post=69e481e8000000002003ad94|likes=14.0|top_like] wd40这个机器人没有润滑，只能通过反复喷涂wd40防止干燥。 || 2. [69e48809000000001401ac0c|post=69e43b14000000001a02e095|likes=2.0|top_like] wd40短时间有润滑作用 || 3. [69e4a673000000001401c03f|post=69e481e8000000002003ad94|likes=1.0|top_like] 很有可能 万能wd40 机器人界的阿司匹林 || 4. [69e56d0d000000001401cc03|post=69e481e8000000002003ad94|likes=0.0|random] 不是WD 40，没见过这一款 || 5. [69e87a44000000001401b027|post=69e481e8000000002003ad94|likes=0.0|random] WD40，润滑用的 || 6. [69e496a70000000014019805|post=69e481e8000000002003ad94|likes=0.0|random] 不是WD40我是不认可的[doge][doge] || 7. [69e4a737000000001401c022|post=69e481e8000000002003ad94|likes=1.0|fill] wd40润滑剂吧 || 8. [69e48c3d000000001401bc25|post=69e481e8000000002003ad94|likes=0.0|fill] wd40吧，跑久了运动关节磨损，润滑关节的 || 9. [69e4925d000000001401e41e|post=69e481e8000000002003ad94|likes=0.0|fill] 是 wd40 润滑关节用的 || 10. [69e493a70000000014018c0a|post=69e481e8000000002003ad94|likes=0.0|fill] wd也不是这包装啊,"[post=69e481e8000000002003ad94; level=2; likes=14.0; status=强势; role=服务者] wd40这个机器人没有润滑，只能通过反复喷涂wd40防止干燥。
---
[post=69e43b14000000001a02e095; level=2; likes=2.0; status=弱势; role=服务者] wd40短时间有润滑作用
---
[post=69e481e8000000002003ad94; level=2; likes=1.0; status=强势; role=服务者] 很有可能 万能wd40 机器人界的阿司匹林
---
[post=69e481e8000000002003ad94; level=2; likes=1.0; status=强势; role=服务者] wd40润滑剂吧
---
[post=69e481e8000000002003ad94; level=2; likes=0.0; status=强势; role=服务者] wd40吧，跑久了运动关节磨损，润滑关节的","[post=69e481e8000000002003ad94; level=2; likes=14.0; status=强势; role=服务者] wd40这个机器人没有润滑，只能通过反复喷涂wd40防止干燥。
---
[post=69e43b14000000001a02e095; level=2; likes=2.0; status=弱势; role=服务者] wd40短时间有润滑作用","[post=69e481e8000000002003ad94; level=2; likes=0.0; status=强势; role=服务者] WD-40吧，相对我们的老年吃的钙片[笑哭R]
---
[post=69e481e8000000002003ad94; level=2; likes=0.0; status=强势; role=服务者] 一眼wd40[doge]
---
[post=69e481e8000000002003ad94; level=2; likes=0.0; status=强势; role=服务者] 大概率是WD40
---
[post=69e481e8000000002003ad94; level=2; likes=0.0; status=强势; role=服务者] 降温的 哪有给外边喷wd40的
---
[post=69e43b14000000001a02e095; level=2; likes=2.0; status=弱势; role=服务者] wd40短时间有润滑作用",high_post_dominance
31,49,57,7,0.5102040816326531,"那不就是汽车吗, 那不就是电动车吗, 那tm叫汽车, 汽车, 的东西, 或者汽車嗎, 按俩轱辘那叫电动车, 这踏马叫汽车, 有没有可能叫汽车, 这种干啥都行","['那不就是电动车吗[笑哭R]', '那tm叫汽车[抠鼻R]', '那不就是汽车吗[满月R]']",1. [69db0a260000000001006db1|post=69da7e87000000001a03484e|likes=60.0|top_like] 按俩轱辘那叫电动车 || 2. [69e49fa6000000001401c01d|post=69e447d2000000001d01aa01|likes=51.0|top_like] 哈哈哈哈哈车如其名了属于是！ || 3. [69e467c4000000001401b01f|post=69e4426b000000001d01c7ed|likes=6.0|top_like] 你说的那种只能当汽车开，这种干啥都行 || 4. [69e49255000000001401cc23|post=69e4551e000000001f005895|likes=5.0|cross_post] 你得注明一下，不是新国标电车[嘻嘻R] || 5. [69dcf9d1000000000202a682|post=69db34bb000000001a0348ae|likes=1.0|cross_post] 车上常备的会是五金店吗？[呃R] || 6. [69e56586000000001401a008|post=69e48341000000001a02d0c4|likes=1.0|cross_post] 那不就是电动车吗 || 7. [69e48b12000000001401c815|post=69e481e8000000002003ad94|likes=0.0|cross_post] 人家有电动车的[笑哭R] || 8. [69e4dae90000000014019412|post=69e4426b000000001d01c7ed|likes=0.0|random] 注意不错马上量产，要不就叫汽车吧[派对R][派对R] || 9. [69e4f034000000001401c404|post=69e481e8000000002003ad94|likes=0.0|random] 俊熹那是汽车 || 10. [69e4741d000000001401e00c|post=69e4426b000000001d01c7ed|likes=2.0|random] 怀疑你没加狗头，你说的不就是汽车,"[post=69da7e87000000001a03484e; level=2; likes=60.0; status=强势; role=观众] 按俩轱辘那叫电动车
---
[post=69e447d2000000001d01aa01; level=2; likes=51.0; status=强势; role=服务者] 哈哈哈哈哈车如其名了属于是！
---
[post=69e4426b000000001d01c7ed; level=2; likes=6.0; status=混合; role=观众] 你说的那种只能当汽车开，这种干啥都行
---
[post=69e4551e000000001f005895; level=2; likes=5.0; status=强势; role=被超越者] 你得注明一下，不是新国标电车[嘻嘻R]
---
[post=69da7e87000000001a03484e; level=2; likes=2.0; status=强势; role=观众] 不开着电瓶车的嘛","[post=69da7e87000000001a03484e; level=2; likes=60.0; status=强势; role=观众] 按俩轱辘那叫电动车
---
[post=69e447d2000000001d01aa01; level=2; likes=51.0; status=强势; role=服务者] 哈哈哈哈哈车如其名了属于是！
---
[post=69e4426b000000001d01c7ed; level=2; likes=6.0; status=混合; role=观众] 你说的那种只能当汽车开，这种干啥都行
---
[post=69e4551e000000001f005895; level=2; likes=5.0; status=强势; role=被超越者] 你得注明一下，不是新国标电车[嘻嘻R]
---
[post=69db34bb000000001a0348ae; level=2; likes=1.0; status=失败; role=抢救者] 车上常备的会是五金店吗？[呃R]
---
[post=69e48341000000001a02d0c4; level=2; likes=1.0; status=强势; role=观众] 那不就是电动车吗
---
[post=69e481e8000000002003ad94; level=2; likes=0.0; status=强势; role=服务者] 人家有电动车的[笑哭R]","[post=69e481e8000000002003ad94; level=2; likes=0.0; status=强势; role=服务者] 你说的这个东西，该不会是汽车吧🚗
---
[post=69e4426b000000001d01c7ed; level=2; likes=0.0; status=混合; role=观众] 冷知识:车已经普及好多年了[偷笑R]
---
[post=69e481e8000000002003ad94; level=2; likes=0.0; status=强势; role=服务者] 你说的东西是叫电摩吧？
---
[post=69e481e8000000002003ad94; level=2; likes=0.0; status=强势; role=服务者] 你听说过汽车吗[斜眼R]
---
[post=69e4426b000000001d01c7ed; level=2; likes=1.0; status=混合; role=观众] 这踏马叫汽车[doge]",high_post_dominance
32,49,53,5,0.9183673469387756,"更容易猝死了, 熬夜, 很容易猝死, 完了, 大笑r, 熬夜加班在剧烈运动更容易猝死了, 熬大夜, 熬夜通宵调试机器人, 熬夜后剧烈运动更容易嘎吧躺下, 熬夜又运动心脏怎么受的了","['更容易猝死了', '更容易猝死了[偷笑R]', '更容易猝死了[捂脸R]']",1. [69e46c0f000000001401c835|post=69e447d2000000001d01aa01|likes=153.0|top_like] 然后猝死了，心源性...[笑哭R][笑哭R] || 2. [69e470de000000001401bc32|post=69e447d2000000001d01aa01|likes=30.0|top_like] 然后增加猝死概率[笑哭R]不是什么时候运动都是有好处的[笑哭R] || 3. [69e463b10000000014019c02|post=69e447d2000000001d01aa01|likes=13.0|top_like] 猝死概率加大[doge] || 4. [69deedde0000000031030bc5|post=69da7e87000000001a03484e|likes=0.0|cross_post] 换个思路，在心源性猝死的时候，附近就有投放了大量的机器人，飞奔过来给你做便携式除颤[偷笑R] || 5. [69e46d05000000001401e030|post=69e44278000000001a0217bb|likes=0.0|cross_post] 人跑崩的更多 || 6. [69e49ce6000000001401900b|post=69df625d0000000021005c63|likes=0.0|cross_post] [大笑R][大笑R][大笑R]你这是心虚的解释[大笑R]本来半身不遂的人就多，这回更多了[大笑R]哈哈哈 || 7. [69e99d2d000000001401c807|post=69e481e8000000002003ad94|likes=0.0|cross_post] 说的也是，容易脑出血。 || 8. [69e51402000000001401d808|post=69e447d2000000001d01aa01|likes=0.0|random] 还是会猝死，因为白天跑步晚上熬夜，容易跑步途中突发心梗了[笑哭R] || 9. [69e5bfc5000000001401d436|post=69e447d2000000001d01aa01|likes=0.0|random] 熬夜加大强度运动更容易猝死[笑哭R] || 10. [69e48cd8000000001401e01c|post=69e447d2000000001d01aa01|likes=0.0|random] 猝死分分钟的事[笑哭R],"[post=69e447d2000000001d01aa01; level=2; likes=153.0; status=强势; role=服务者] 然后猝死了，心源性...[笑哭R][笑哭R]
---
[post=69e447d2000000001d01aa01; level=2; likes=30.0; status=强势; role=服务者] 然后增加猝死概率[笑哭R]不是什么时候运动都是有好处的[笑哭R]
---
[post=69e447d2000000001d01aa01; level=2; likes=13.0; status=强势; role=服务者] 猝死概率加大[doge]
---
[post=69e447d2000000001d01aa01; level=2; likes=3.0; status=强势; role=服务者] 就是熬夜+运动容易猝死
---
[post=69e447d2000000001d01aa01; level=2; likes=2.0; status=强势; role=服务者] 日夜兼程，跑死了好几匹马……","[post=69e447d2000000001d01aa01; level=2; likes=153.0; status=强势; role=服务者] 然后猝死了，心源性...[笑哭R][笑哭R]
---
[post=69da7e87000000001a03484e; level=2; likes=0.0; status=强势; role=观众] 换个思路，在心源性猝死的时候，附近就有投放了大量的机器人，飞奔过来给你做便携式除颤[偷笑R]
---
[post=69e44278000000001a0217bb; level=2; likes=0.0; status=强势; role=被超越者] 人跑崩的更多
---
[post=69df625d0000000021005c63; level=2; likes=0.0; status=失败; role=观众] [大笑R][大笑R][大笑R]你这是心虚的解释[大笑R]本来半身不遂的人就多，这回更多了[大笑R]哈哈哈
---
[post=69e481e8000000002003ad94; level=2; likes=0.0; status=强势; role=服务者] 说的也是，容易脑出血。","[post=69e447d2000000001d01aa01; level=2; likes=0.0; status=强势; role=服务者] 死得更快[捂脸R][捂脸R][捂脸R]
---
[post=69e447d2000000001d01aa01; level=2; likes=0.0; status=强势; role=服务者] 那是猝死套餐了
---
[post=69e447d2000000001d01aa01; level=2; likes=0.0; status=强势; role=服务者] 容易猝死啊。熬夜通宵调试机器人，完了之后第二天狂奔。钢铁身体都扛不住啊。
---
[post=69e44278000000001a0217bb; level=2; likes=0.0; status=强势; role=被超越者] 人跑崩的更多
---
[post=69e447d2000000001d01aa01; level=2; likes=0.0; status=强势; role=服务者] 猝死double",high_post_dominance
34,47,49,5,0.8297872340425532,"蚊子, 苍蝇, 蟑螂, 毛毛虫的幼虫, 水蛭呢, 我这ip也有很多蟑螂宝宝, 所以是蛆是苍蝇都讨厌, 无恶意, 杰瑞, 驱蚊的作用","['小强，杰瑞，蚊子，苍蝇……[doge]', '蚊子，苍蝇，蛆', '对  苍蝇  蚊子 老鼠小时候都可爱[笑哭R]']",1. [69e5079e000000001401a00e|post=69e42cc100000000220001ad|likes=823.0|top_like] 蚊子除外 || 2. [69e50a0c000000001401940b|post=69e42cc100000000220001ad|likes=545.0|top_like] 苍蝇除外 || 3. [69e51048000000001401d80f|post=69e42cc100000000220001ad|likes=17.0|top_like] 蟑螂呢？老鼠呢？[偷笑R][偷笑R][偷笑R] || 4. [69e42d360000000014019011|post=69e40352000000002102fc75|likes=14.0|cross_post] 别人在绕月，苍蝇却盯着厕所[偷笑R] || 5. [69e4a544000000001401e80b|post=69e4426b000000001d01c7ed|likes=2.0|cross_post] 广东蟑螂🪳：hi～～～～ || 6. [69e4eab4000000001401cc29|post=69e44278000000001a0217bb|likes=1.0|cross_post] 我是蠕动的蛆虫[doge] || 7. [69e495ea0000000014018817|post=69e481e8000000002003ad94|likes=0.0|cross_post] 驱蚊的，怕被蚊子咬到了 || 8. [69e7018a000000001401dc12|post=69e42cc100000000220001ad|likes=1.0|random] 笑死了楼主不语，楼主只是一味地蚊子蟑螂老鼠除外，直到最后没招了别过来都别过来哈哈哈哈哈哈哈 || 9. [69e5ed1c000000001401a02d|post=69e42cc100000000220001ad|likes=0.0|random] 送你一窝广东小蟑螂 || 10. [69e7092e000000001401e80a|post=69e42cc100000000220001ad|likes=0.0|random] 蟑螂，蚊子，苍蝇和老鼠（无恶意，纯抽象，不喜可删，别骂我，没有挑刺哈[飞吻R]）,"[post=69e42cc100000000220001ad; level=2; likes=823.0; status=弱势; role=观众] 蚊子除外
---
[post=69e42cc100000000220001ad; level=2; likes=545.0; status=弱势; role=观众] 苍蝇除外
---
[post=69e42cc100000000220001ad; level=2; likes=17.0; status=弱势; role=观众] 蟑螂呢？老鼠呢？[偷笑R][偷笑R][偷笑R]
---
[post=69e40352000000002102fc75; level=2; likes=14.0; status=常态; role=服务者] 别人在绕月，苍蝇却盯着厕所[偷笑R]
---
[post=69e4426b000000001d01c7ed; level=2; likes=2.0; status=混合; role=观众] 广东蟑螂🪳：hi～～～～","[post=69e42cc100000000220001ad; level=2; likes=823.0; status=弱势; role=观众] 蚊子除外
---
[post=69e40352000000002102fc75; level=2; likes=14.0; status=常态; role=服务者] 别人在绕月，苍蝇却盯着厕所[偷笑R]
---
[post=69e4426b000000001d01c7ed; level=2; likes=2.0; status=混合; role=观众] 广东蟑螂🪳：hi～～～～
---
[post=69e44278000000001a0217bb; level=2; likes=1.0; status=强势; role=被超越者] 我是蠕动的蛆虫[doge]
---
[post=69e481e8000000002003ad94; level=2; likes=0.0; status=强势; role=服务者] 驱蚊的，怕被蚊子咬到了","[post=69e42cc100000000220001ad; level=2; likes=0.0; status=弱势; role=观众] 蚊子的小孩也肯定可爱
---
[post=69e42cc100000000220001ad; level=2; likes=0.0; status=弱势; role=观众] 而且真实生活没有巨型苍蝇，所以是蛆是苍蝇都讨厌[失望R]
---
[post=69e42cc100000000220001ad; level=2; likes=17.0; status=弱势; role=观众] 蟑螂呢？老鼠呢？[偷笑R][偷笑R][偷笑R]
---
[post=69e42cc100000000220001ad; level=2; likes=0.0; status=弱势; role=观众] 北方老鼠看着小小的有些也很可爱[捂脸R]
---
[post=69e42cc100000000220001ad; level=2; likes=0.0; status=弱势; role=观众] 一窝密密麻麻的蜘蛛宝宝破囊而出……",high_post_dominance
33,47,51,12,0.5531914893617021,"现在呢, 汽车刚发明时, 马车不能跑了吗, 所以汽车刚发明的时候跑不过马车, 所以你觉得意义是什么呢, 曾经的汽车还不如马车快, 最早的火车没有马车快, 我这个马车多灵活, 有人质疑, 有马车还要汽车干嘛呀","['百年前，骑马的人也是这么说第一批骑车的人[鄙视R]', '火车刚出来还没马车跑得快，现在呢', '曾经的汽车还不如马车快[微笑R]也是有很多人嘲笑这个毫无用处的，现在呢…']",1. [69e722e5000000001401b01c|post=69e481e8000000002003ad94|likes=879.0|top_like] 这个评论像极了最开始火车刚出来还没马车快，人们问这东西有啥用的时候 || 2. [69e4febd000000001401a80d|post=69e40352000000002102fc75|likes=208.0|top_like] 当年汽车刚刚发明的时候，肯定也会有人问：为什么要让这个铁疙瘩跑，马车不能跑了吗？ || 3. [69e7230c000000001401e027|post=69e481e8000000002003ad94|likes=137.0|top_like] 飞机刚上天的时候很多人也是这么问的 || 4. [69e44dc0000000001401d407|post=69e43b14000000001a02e095|likes=45.0|cross_post] 火车刚发明的时候也有这样的疑问 || 5. [69daf4b00000000002029b28|post=69da7e87000000001a03484e|likes=28.0|cross_post] 正常，去年机器人跑得慢的时候，冷嘲热讽的人更多，毕竟火车刚发明出来的时候，大家也都觉得它没用 || 6. [69e5532c000000001401e805|post=69e48341000000001a02d0c4|likes=12.0|cross_post] 老外都不会蒸馒头，怎么可能发明蒸汽机[抠鼻R] || 7. [69e4d592000000001401a411|post=69e4b08d000000001d01c1bc|likes=11.0|cross_post] 当年火车被发明时侯所有人也在害怕 || 8. [69e681410000000014019002|post=69e481e8000000002003ad94|likes=9.0|random] 最早的火车没有马车快 || 9. [69e498380000000014019810|post=69e481e8000000002003ad94|likes=29.0|random] 1894年巴黎汽车赛的时候，有人质疑“发明汽车有什么意义？”所以你觉得意义是什么呢 || 10. [69e7257c000000001401e821|post=69e481e8000000002003ad94|likes=5.0|random] 你卖车，所以汽车刚发明的时候跑不过马车，有什么意义,"[post=69e481e8000000002003ad94; level=2; likes=879.0; status=强势; role=服务者] 这个评论像极了最开始火车刚出来还没马车快，人们问这东西有啥用的时候
---
[post=69e40352000000002102fc75; level=2; likes=208.0; status=常态; role=服务者] 当年汽车刚刚发明的时候，肯定也会有人问：为什么要让这个铁疙瘩跑，马车不能跑了吗？
---
[post=69e481e8000000002003ad94; level=2; likes=137.0; status=强势; role=服务者] 飞机刚上天的时候很多人也是这么问的
---
[post=69e481e8000000002003ad94; level=2; likes=57.0; status=强势; role=服务者] 老佛爷：洋人的火车还得弄轨道才能跑，为什么不直接用马车？
---
[post=69e43b14000000001a02e095; level=2; likes=45.0; status=弱势; role=服务者] 火车刚发明的时候也有这样的疑问","[post=69e481e8000000002003ad94; level=2; likes=879.0; status=强势; role=服务者] 这个评论像极了最开始火车刚出来还没马车快，人们问这东西有啥用的时候
---
[post=69e40352000000002102fc75; level=2; likes=208.0; status=常态; role=服务者] 当年汽车刚刚发明的时候，肯定也会有人问：为什么要让这个铁疙瘩跑，马车不能跑了吗？
---
[post=69e43b14000000001a02e095; level=2; likes=45.0; status=弱势; role=服务者] 火车刚发明的时候也有这样的疑问
---
[post=69da7e87000000001a03484e; level=2; likes=28.0; status=强势; role=观众] 正常，去年机器人跑得慢的时候，冷嘲热讽的人更多，毕竟火车刚发明出来的时候，大家也都觉得它没用
---
[post=69e48341000000001a02d0c4; level=2; likes=12.0; status=强势; role=观众] 老外都不会蒸馒头，怎么可能发明蒸汽机[抠鼻R]
---
[post=69e4b08d000000001d01c1bc; level=2; likes=11.0; status=混合; role=观众] 当年火车被发明时侯所有人也在害怕
---
[post=69e44278000000001a0217bb; level=2; likes=7.0; status=强势; role=被超越者] 蒸汽机诞生时还不如马车呢[偷笑R]
---
[post=69e59e520000000022027a90; level=2; likes=2.0; status=弱势; role=观众] 很可惜你没有活在19世纪，要不然当你看到本茨老婆驾驶着人类历史上第一辆汽车的时候，你肯定会发表同样精彩的评论[派对R]","[post=69e48341000000001a02d0c4; level=2; likes=12.0; status=强势; role=观众] 老外都不会蒸馒头，怎么可能发明蒸汽机[抠鼻R]
---
[post=69e481e8000000002003ad94; level=2; likes=0.0; status=强势; role=服务者] 慈禧当年也是这样说火车的
---
[post=69e481e8000000002003ad94; level=2; likes=0.0; status=强势; role=服务者] 以前的火车还是马拉的呢
---
[post=69e481e8000000002003ad94; level=2; likes=0.0; status=强势; role=服务者] 以前驾马车的也这样说开火车的
---
[post=69e481e8000000002003ad94; level=2; likes=2.0; status=强势; role=服务者] 你去看看第一辆车是什么样呢？当时也很多人笑话。",high_post_dominance
35,46,49,14,0.4347826086956521,"豆包, 我现在跟豆包说话都賊礼貌, 看见豆脚没, 看到了一个长脚豆包的作者发了一个视频, 还有初音的壳, 疑似猪圈, 我酷姐怎么变成这样了, 还是豆包那个吓人, 我的豆包才是真的, 疑似豆包小号","['好吓人啊[笑哭R][笑哭R][笑哭R]这是豆包吗？还不如整个红豆包顶着算了', '底特律：豆包', '豆包 豆脚']",1. [69e614d7000000001401e40a|post=69e47f8f000000001f007203|likes=249.0|top_like] 豆脚哈哈哈哈哈哈哈哈哈哈谁起的名字笑死了 || 2. [69e496190000000014019c0e|post=69e481e8000000002003ad94|likes=30.0|top_like] 反正跟你们无关，啃你的爱尔兰土豆吧 || 3. [69e507a40000000014019802|post=69e4b08d000000001d01c1bc|likes=9.0|top_like] der包[笑哭R]我酷姐怎么变成这样了 || 4. [69e4e6bc000000001401e436|post=69e463df000000001b003017|likes=5.0|cross_post] 豆包一样吧 || 5. [69e44a3d000000001401bc0b|post=69df625d0000000021005c63|likes=1.0|cross_post] 看到了一个长脚豆包的作者发了一个视频，， || 6. [69e4aef7000000001401900e|post=69e4426b000000001d01c7ed|likes=1.0|cross_post] 我今天还刷到一个只有脚和头的豆包 || 7. [69e989e4000000001401c836|post=69e46032000000001f002048|likes=1.0|cross_post] 底特律：豆包 || 8. [69e4b215000000001401a024|post=69e4426b000000001d01c7ed|likes=0.0|random] 哈哈哈哈哈哈哈其实还有一个头以下全是腿的豆包[黄金薯R] || 9. [69e8d20e000000001401bc3a|post=69e47f8f000000001f007203|likes=0.0|random] 豆包也太可爱。 || 10. [69e875d50000000014019410|post=69e47f8f000000001f007203|likes=0.0|random] 它叫豆脚 还有初音的壳,"[post=69e47f8f000000001f007203; level=2; likes=249.0; status=混合; role=观众] 豆脚哈哈哈哈哈哈哈哈哈哈谁起的名字笑死了
---
[post=69e481e8000000002003ad94; level=2; likes=30.0; status=强势; role=服务者] 反正跟你们无关，啃你的爱尔兰土豆吧
---
[post=69e4b08d000000001d01c1bc; level=2; likes=9.0; status=混合; role=观众] der包[笑哭R]我酷姐怎么变成这样了
---
[post=69e463df000000001b003017; level=2; likes=5.0; status=强势; role=服务者] 豆包一样吧
---
[post=69e463df000000001b003017; level=2; likes=2.0; status=强势; role=服务者] 豆包附体[笑哭R]","[post=69e47f8f000000001f007203; level=2; likes=249.0; status=混合; role=观众] 豆脚哈哈哈哈哈哈哈哈哈哈谁起的名字笑死了
---
[post=69e481e8000000002003ad94; level=2; likes=30.0; status=强势; role=服务者] 反正跟你们无关，啃你的爱尔兰土豆吧
---
[post=69e4b08d000000001d01c1bc; level=2; likes=9.0; status=混合; role=观众] der包[笑哭R]我酷姐怎么变成这样了
---
[post=69e463df000000001b003017; level=2; likes=5.0; status=强势; role=服务者] 豆包一样吧
---
[post=69df625d0000000021005c63; level=2; likes=1.0; status=失败; role=观众] 看到了一个长脚豆包的作者发了一个视频，，
---
[post=69e4426b000000001d01c7ed; level=2; likes=1.0; status=混合; role=观众] 我今天还刷到一个只有脚和头的豆包
---
[post=69e46032000000001f002048; level=2; likes=1.0; status=常态; role=保护者] 底特律：豆包
---
[post=69da7e87000000001a03484e; level=2; likes=0.0; status=强势; role=观众] 豆包生成的，哈哈哈哈哈","[post=69e4b08d000000001d01c1bc; level=2; likes=0.0; status=混合; role=观众] 豆包 豆脚
---
[post=69e463df000000001b003017; level=2; likes=2.0; status=强势; role=服务者] 豆包附体[笑哭R]
---
[post=69e4426b000000001d01c7ed; level=2; likes=0.0; status=混合; role=观众] 你看过豆包的那个形象没，笑死了
---
[post=69e463df000000001b003017; level=2; likes=0.0; status=强势; role=服务者] 豆脚没到终点[笑哭R]
---
[post=69e47f8f000000001f007203; level=2; likes=0.0; status=混合; role=观众] 豆脚超萌的",high_post_dominance
38,39,46,7,0.5641025641025641,"最开始多旋翼无人机出来的时候有些人也觉得没用, 还有无人机, 无人机不行吗, 无人机不是更快, 改变了俄乌的进攻方式, 无人遥控车和人形机器人哪个隐蔽性移动性还有性价比高, 或者说机器人身上直接集成了一套远程遥控系统了, 送物资能用无人机吗, 陆地战用无人车啊, 无人机继续强化不就好了吗","['陆地战用无人车啊，是我没说吗？[微笑R] 无人遥控车和人形机器人哪个隐蔽性移动性还有性价比高？', '有山地车  有履带  无人机   这已经是人类征服恶劣最终方案了  这玩意 有啥用', '总有无人机到不了的地方。而且🤖进攻，降维打击，相当于当初步兵见坦克一样。']",1. [69db11d80000000015002018|post=69da7e87000000001a03484e|likes=10.0|top_like] 先不说无人机了，那个吊在有人机上高速旋转的老太，你还记得不[吃瓜R] || 2. [69dade3c0000000015000d4c|post=69da7e87000000001a03484e|likes=1.0|top_like] 不是可以直接无人机，导弹么… || 3. [69dadf23000000003500b4be|post=69da7e87000000001a03484e|likes=1.0|top_like] 总有无人机到不了的地方。而且🤖进攻，降维打击，相当于当初步兵见坦克一样。 || 4. [69e480fc0000000014019417|post=69e40352000000002102fc75|likes=0.0|cross_post] 这样说的话，离开地面就是无人机了 || 5. [69e497c5000000001401d838|post=69e481e8000000002003ad94|likes=0.0|cross_post] 只想快那可以无人机，比车还快呢[吧唧R] || 6. [69e4a420000000001401d813|post=69e4426b000000001d01c7ed|likes=0.0|cross_post] 你说呢，无人机不是更快 || 7. [69e5955b0000000014019801|post=69e47f8f000000001f007203|likes=0.0|cross_post] 你想想，自杀式无人机的出现，改变了俄乌的进攻方式。机器人能跑了，军事进攻方式未来绝对改变 || 8. [69e618d7000000001401d400|post=69e481e8000000002003ad94|likes=0.0|random] 那还是空中无人机好使吧[笑哭R] || 9. [69dc9b0a000000003502e73f|post=69da7e87000000001a03484e|likes=0.0|random] 早晚会有飞行器的 || 10. [69e603f7000000001401c005|post=69e481e8000000002003ad94|likes=0.0|random] 无人机更快[doge],"[post=69da7e87000000001a03484e; level=2; likes=10.0; status=强势; role=观众] 先不说无人机了，那个吊在有人机上高速旋转的老太，你还记得不[吃瓜R]
---
[post=69da7e87000000001a03484e; level=2; likes=1.0; status=强势; role=观众] 不是可以直接无人机，导弹么…
---
[post=69da7e87000000001a03484e; level=2; likes=1.0; status=强势; role=观众] 总有无人机到不了的地方。而且🤖进攻，降维打击，相当于当初步兵见坦克一样。
---
[post=69da7e87000000001a03484e; level=2; likes=1.0; status=强势; role=观众] 天上无人机可以跟[飞吻R][偷笑R][doge][害羞R]或者说机器人身上直接集成了一套远程遥控系统了，双系统哈哈[微笑R]
---
[post=69da7e87000000001a03484e; level=2; likes=1.0; status=强势; role=观众] 已经应用上无人机了","[post=69da7e87000000001a03484e; level=2; likes=10.0; status=强势; role=观众] 先不说无人机了，那个吊在有人机上高速旋转的老太，你还记得不[吃瓜R]
---
[post=69e40352000000002102fc75; level=2; likes=0.0; status=常态; role=服务者] 这样说的话，离开地面就是无人机了
---
[post=69e481e8000000002003ad94; level=2; likes=0.0; status=强势; role=服务者] 只想快那可以无人机，比车还快呢[吧唧R]
---
[post=69e4426b000000001d01c7ed; level=2; likes=0.0; status=混合; role=观众] 你说呢，无人机不是更快
---
[post=69e47f8f000000001f007203; level=2; likes=0.0; status=混合; role=观众] 你想想，自杀式无人机的出现，改变了俄乌的进攻方式。机器人能跑了，军事进攻方式未来绝对改变
---
[post=69e48341000000001a02d0c4; level=2; likes=0.0; status=强势; role=观众] 还有无人机[doge]完全照抄
---
[post=69e41e24000000001a025f1a; level=2; likes=0.0; status=失败; role=观众] 俄乌战场已经被这种遥控小飞机主宰了[doge][doge][doge]","[post=69e40352000000002102fc75; level=2; likes=0.0; status=常态; role=服务者] 这样说的话，离开地面就是无人机了
---
[post=69e481e8000000002003ad94; level=2; likes=0.0; status=强势; role=服务者] 有没有可能无人机比这好用多了
---
[post=69da7e87000000001a03484e; level=2; likes=0.0; status=强势; role=观众] 低空经济已经在发展了，以后开飞机追
---
[post=69da7e87000000001a03484e; level=2; likes=0.0; status=强势; role=观众] 将来远距离的用无人机，近距离的用这种就行。
---
[post=69e481e8000000002003ad94; level=2; likes=0.0; status=强势; role=服务者] [捂脸R]一架fpv无人机秒杀你说的这些，",high_post_dominance
40,33,44,9,0.3333333333333333,"坏笑r, 无聊透顶, 现在吃药了控制得很好, 没意义的人自然看啥都觉得没意义, 没人喜欢你, 正是因为人生本来就无意义, 本来就没有什么鸟意义, 无趣的人看什么都无趣, 甚至不需要那么多人, 无意义是最能让人快乐的","['那你倒是解释下意义所在[坏笑R]', '一个劲的问意义[坏笑R]自己都没活明白呢[坏笑R]', '确实没有任何意义。看个稀奇']",1. [69da91120000000001007405|post=69da7e87000000001a03484e|likes=32.0|top_like] 整天寻找意义，你累不累啊[汗颜R] || 2. [69e4be610000000014019429|post=69e40352000000002102fc75|likes=32.0|top_like] 你说这话证明你的人生无意义。 || 3. [69e7234a0000000014019c1b|post=69e481e8000000002003ad94|likes=16.0|top_like] 真的有空研究意义，建议写本哲学书出版 || 4. [69e4f9830000000014018c0e|post=69e47f8f000000001f007203|likes=10.0|cross_post] 无聊透顶 || 5. [69e45046000000001401c826|post=69e43b14000000001a02e095|likes=8.0|cross_post] 刚才还在想怎么还没出现意义怪[笑哭R] || 6. [69e4c5fd000000001401980c|post=69e4412a000000002103883f|likes=8.0|cross_post] 无意义是最能让人快乐的 || 7. [69e2fd24000000001401dc22|post=69e2583b00000000230211ea|likes=7.0|cross_post] 活在你自己的世界中，你开心就好 || 8. [69e5704a0000000014018c03|post=69e47f8f000000001f007203|likes=0.0|random] 大概大多数现在都活的快乐吗？抑郁的人很多啊 || 9. [69e72b04000000001401e007|post=69e481e8000000002003ad94|likes=2.0|random] 本来就没有什么鸟意义 || 10. [69eb12d8000000001401e00b|post=69e481e8000000002003ad94|likes=0.0|random] 确实没有任何意义。看个稀奇,"[post=69da7e87000000001a03484e; level=2; likes=32.0; status=强势; role=观众] 整天寻找意义，你累不累啊[汗颜R]
---
[post=69e40352000000002102fc75; level=2; likes=32.0; status=常态; role=服务者] 你说这话证明你的人生无意义。
---
[post=69e481e8000000002003ad94; level=2; likes=16.0; status=强势; role=服务者] 真的有空研究意义，建议写本哲学书出版
---
[post=69e47f8f000000001f007203; level=2; likes=10.0; status=混合; role=观众] 无聊透顶
---
[post=69e43b14000000001a02e095; level=2; likes=8.0; status=弱势; role=服务者] 刚才还在想怎么还没出现意义怪[笑哭R]","[post=69da7e87000000001a03484e; level=2; likes=32.0; status=强势; role=观众] 整天寻找意义，你累不累啊[汗颜R]
---
[post=69e40352000000002102fc75; level=2; likes=32.0; status=常态; role=服务者] 你说这话证明你的人生无意义。
---
[post=69e481e8000000002003ad94; level=2; likes=16.0; status=强势; role=服务者] 真的有空研究意义，建议写本哲学书出版
---
[post=69e47f8f000000001f007203; level=2; likes=10.0; status=混合; role=观众] 无聊透顶
---
[post=69e43b14000000001a02e095; level=2; likes=8.0; status=弱势; role=服务者] 刚才还在想怎么还没出现意义怪[笑哭R]
---
[post=69e4412a000000002103883f; level=2; likes=8.0; status=强势; role=观众] 无意义是最能让人快乐的
---
[post=69e2583b00000000230211ea; level=2; likes=7.0; status=失败; role=抢救者] 活在你自己的世界中，你开心就好
---
[post=69e42cc100000000220001ad; level=2; likes=1.0; status=弱势; role=观众] 人生正能量越多越不会问这什么意义那什么意义。嗯，祝开心点，世界上很多事情不需要意义的","[post=69e40352000000002102fc75; level=2; likes=0.0; status=常态; role=服务者] 一般心理健康的人想法不会那么消极和极端的，去看看是不是有抑郁症了，我会这么说就是因为我有抑郁症，现在吃药了控制得很好
---
[post=69e481e8000000002003ad94; level=2; likes=1.0; status=强势; role=服务者] 不需要那么多人活明白 甚至不需要那么多人[doge]
---
[post=69e47f8f000000001f007203; level=2; likes=0.0; status=混合; role=观众] 正是因为人生本来就无意义
---
[post=69e481e8000000002003ad94; level=2; likes=0.0; status=强势; role=服务者] 确实没有任何意义。看个稀奇
---
[post=69e2583b00000000230211ea; level=2; likes=7.0; status=失败; role=抢救者] 活在你自己的世界中，你开心就好",high_post_dominance
41,32,39,3,0.875,"防晒喷雾, 防晒, 防蚊喷雾, 暗中观察r, 隔绝紫外线, 防嗮喷雾, 都黑成碳了, 这颜色还要防晒, 这题我知道, 防晒美白润肤","['防晒喷雾', '防晒喷雾[doge]', '防晒喷雾[暗中观察R]']",1. [69e48b82000000001401cc21|post=69e481e8000000002003ad94|likes=12.0|top_like] 防蚊喷雾[doge] || 2. [69e49e5a000000001401cc02|post=69e481e8000000002003ad94|likes=4.0|top_like] 降温的可不是防晒[捂脸R] || 3. [69e476930000000014019418|post=69e43b14000000001a02e095|likes=0.0|top_like] 我服了，肯定不是防晒喷雾[笑哭R] || 4. [69e5b683000000001401d819|post=69e4426b000000001d01c7ed|likes=0.0|cross_post] 这肤色倒也不用防了[doge] || 5. [69e4efe7000000001401c00b|post=69e481e8000000002003ad94|likes=0.0|random] 防晒的那种可能 || 6. [69e57ee7000000001401cc24|post=69e481e8000000002003ad94|likes=0.0|random] 我以为是防晒霜。准备说避雷这个牌子。喷了也没用晒阙黑 || 7. [69e4e845000000001401ac2e|post=69e481e8000000002003ad94|likes=0.0|random] 防晒霜啊 你看都晒的黑不溜秋了 || 8. [69e47ac4000000001401bc2c|post=69e43b14000000001a02e095|likes=0.0|fill] 都黑成碳了  不需要喷防晒，所以是止痒喷雾 || 9. [69e47b74000000001401c423|post=69e43b14000000001a02e095|likes=0.0|fill] 还知道用防晒喷雾呢这小东西（bushi || 10. [69e48b3a000000001401e82c|post=69e481e8000000002003ad94|likes=0.0|fill] 防蚊止痒的六神花露水,"[post=69e481e8000000002003ad94; level=2; likes=12.0; status=强势; role=服务者] 防蚊喷雾[doge]
---
[post=69e481e8000000002003ad94; level=2; likes=4.0; status=强势; role=服务者] 降温的可不是防晒[捂脸R]
---
[post=69e43b14000000001a02e095; level=2; likes=0.0; status=弱势; role=服务者] 我服了，肯定不是防晒喷雾[笑哭R]
---
[post=69e43b14000000001a02e095; level=2; likes=0.0; status=弱势; role=服务者] 都黑成碳了  不需要喷防晒，所以是止痒喷雾
---
[post=69e43b14000000001a02e095; level=2; likes=0.0; status=弱势; role=服务者] 还知道用防晒喷雾呢这小东西（bushi","[post=69e481e8000000002003ad94; level=2; likes=12.0; status=强势; role=服务者] 防蚊喷雾[doge]
---
[post=69e43b14000000001a02e095; level=2; likes=0.0; status=弱势; role=服务者] 我服了，肯定不是防晒喷雾[笑哭R]
---
[post=69e4426b000000001d01c7ed; level=2; likes=0.0; status=混合; role=观众] 这肤色倒也不用防了[doge]","[post=69e481e8000000002003ad94; level=2; likes=0.0; status=强势; role=服务者] 喷的花露水 估计有蚊子
---
[post=69e481e8000000002003ad94; level=2; likes=0.0; status=强势; role=服务者] 防晒喷雾[okR]
---
[post=69e481e8000000002003ad94; level=2; likes=4.0; status=强势; role=服务者] 降温的可不是防晒[捂脸R]
---
[post=69e481e8000000002003ad94; level=2; likes=0.0; status=强势; role=服务者] 笑死 这颜色还要防晒
---
[post=69e43b14000000001a02e095; level=2; likes=0.0; status=弱势; role=服务者] 我服了，肯定不是防晒喷雾[笑哭R]",high_post_dominance
42,31,39,7,0.5483870967741935,"机器人把餐食打翻了平台得赔钱, 机器人送外卖, 有做快餐外卖的用机器人做炒饭了, 所以才有四肢, 所以价格很高, 新时代外卖员, 里面餐品放在重力仪上, 机器人外卖员跟机器人门卫打起来了, 送外卖的被机器人取代的话, 送外卖这个行业注定是要消失","['迟早的事，前期研发成本高，所以价格很高，慢慢的价格就降下来了，代替人工外卖，这是迟早的事！', '机器人送外卖 快递 照顾老人', '机器人多贵！机器人被车撞了你得重新买一个，外卖员被车撞了就赖给外卖员自己不遵守交通规则0成本的[doge][doge][doge]机器人把餐食打翻了平台得赔钱，外卖员打翻了自己垫着[doge][doge][doge]你是老板你选择机器人还是外卖员，就这么说就国内的人力成本除了没有厂里，不然机器人暂时还替代不了人力']",1. [69dc3a29000000000103d160|post=69da7e87000000001a03484e|likes=21.0|top_like] 机器人多贵！机器人被车撞了你得重新买一个，外卖员被车撞了就赖给外卖员自己不遵守交通规则0成本的[doge][doge][doge]机器人把餐食打翻了平台得赔钱，外卖员打翻了自己垫着[doge][doge][doge]你是老板你选择机器人还是外卖员，就这么说就国内的人力成本除了没有厂里，不然机器人暂时还替代不了人力 || 2. [69dbd7a80000000016016653|post=69da7e87000000001a03484e|likes=14.0|top_like] 想多了，外卖员可比机器人便宜多了[doge] || 3. [69e81faf0000000014019009|post=69e2583b00000000230211ea|likes=5.0|top_like] 这是其中一个公司的机器人，人家也没让这个机器人去照顾老人取快递啊，现在还只是在研发阶段[微笑R][微笑R] || 4. [69e5957b000000001401c412|post=69e481e8000000002003ad94|likes=3.0|cross_post] 迟早的事，前期研发成本高，所以价格很高，慢慢的价格就降下来了，代替人工外卖，这是迟早的事！ || 5. [69e12036000000002b02542a|post=69df625d0000000021005c63|likes=1.0|cross_post] 外卖配送机器人[斜眼R] || 6. [69e49ef30000000014018c19|post=69e40352000000002102fc75|likes=0.0|cross_post] 已经有了，比如在酒店送外卖[笑哭R]， || 7. [69e4ea52000000001401a823|post=69e4b08d000000001d01c1bc|likes=0.0|cross_post] 机器人送外卖 快递 照顾老人 || 8. [69dbd5560000000035008a68|post=69da7e87000000001a03484e|likes=0.0|random] 外卖员，可能大多数30岁以后就会失业了[捂脸R] || 9. [69e5a7e1000000001401b802|post=69e47f8f000000001f007203|likes=0.0|random] 以后机器人给你送外卖了，现在是试验阶段[捂脸R] || 10. [69de3ff900000000020291ef|post=69da7e87000000001a03484e|likes=0.0|random] 会不会能替代外卖小哥送外卖快递[偷笑R],"[post=69da7e87000000001a03484e; level=2; likes=21.0; status=强势; role=观众] 机器人多贵！机器人被车撞了你得重新买一个，外卖员被车撞了就赖给外卖员自己不遵守交通规则0成本的[doge][doge][doge]机器人把餐食打翻了平台得赔钱，外卖员打翻了自己垫着[doge][doge][doge]你是老板你选择机器人还是外卖员，就这么说就国内的人力成本除了没有厂里，不然机器人暂时还替代不了人力
---
[post=69da7e87000000001a03484e; level=2; likes=14.0; status=强势; role=观众] 想多了，外卖员可比机器人便宜多了[doge]
---
[post=69e2583b00000000230211ea; level=2; likes=5.0; status=失败; role=抢救者] 这是其中一个公司的机器人，人家也没让这个机器人去照顾老人取快递啊，现在还只是在研发阶段[微笑R][微笑R]
---
[post=69e481e8000000002003ad94; level=2; likes=3.0; status=强势; role=服务者] 迟早的事，前期研发成本高，所以价格很高，慢慢的价格就降下来了，代替人工外卖，这是迟早的事！
---
[post=69da7e87000000001a03484e; level=2; likes=2.0; status=强势; role=观众] 送外卖的被机器人取代的话  外卖员是没钱赚了还是在家不去送外卖就有人给钱了呢","[post=69da7e87000000001a03484e; level=2; likes=21.0; status=强势; role=观众] 机器人多贵！机器人被车撞了你得重新买一个，外卖员被车撞了就赖给外卖员自己不遵守交通规则0成本的[doge][doge][doge]机器人把餐食打翻了平台得赔钱，外卖员打翻了自己垫着[doge][doge][doge]你是老板你选择机器人还是外卖员，就这么说就国内的人力成本除了没有厂里，不然机器人暂时还替代不了人力
---
[post=69e2583b00000000230211ea; level=2; likes=5.0; status=失败; role=抢救者] 这是其中一个公司的机器人，人家也没让这个机器人去照顾老人取快递啊，现在还只是在研发阶段[微笑R][微笑R]
---
[post=69e481e8000000002003ad94; level=2; likes=3.0; status=强势; role=服务者] 迟早的事，前期研发成本高，所以价格很高，慢慢的价格就降下来了，代替人工外卖，这是迟早的事！
---
[post=69df625d0000000021005c63; level=2; likes=1.0; status=失败; role=观众] 外卖配送机器人[斜眼R]
---
[post=69e40352000000002102fc75; level=2; likes=0.0; status=常态; role=服务者] 已经有了，比如在酒店送外卖[笑哭R]，
---
[post=69e4b08d000000001d01c1bc; level=2; likes=0.0; status=混合; role=观众] 机器人送外卖 快递 照顾老人
---
[post=69e47f8f000000001f007203; level=2; likes=0.0; status=混合; role=观众] 以后机器人给你送外卖了，现在是试验阶段[捂脸R]","[post=69e2583b00000000230211ea; level=2; likes=5.0; status=失败; role=抢救者] 这是其中一个公司的机器人，人家也没让这个机器人去照顾老人取快递啊，现在还只是在研发阶段[微笑R][微笑R]
---
[post=69da7e87000000001a03484e; level=2; likes=1.0; status=强势; role=观众] 能把老人折叠打包，发快递送回公司
---
[post=69da7e87000000001a03484e; level=2; likes=1.0; status=强势; role=观众] 这毕竟不是专门为了外卖做的机器人，只要设计人员想，就完全可以优化，就我这啥都不懂的，都感觉可以做个箱子，里面餐品放在重力仪上，保持餐品一直是正的
---
[post=69da7e87000000001a03484e; level=2; likes=21.0; status=强势; role=观众] 机器人多贵！机器人被车撞了你得重新买一个，外卖员被车撞了就赖给外卖员自己不遵守交通规则0成本的[doge][doge][doge]机器人把餐食打翻了平台得赔钱，外卖员打翻了自己垫着[doge][doge][doge]你是老板你选择机器人还是外卖员，就这么说就国内的人力成本除了没有厂里，不然机器人暂时还替代不了人力
---
[post=69e481e8000000002003ad94; level=2; likes=0.0; status=强势; role=服务者] 因為之後外賣可以上樓梯不用加錢",high_post_dominance
