帖子id,帖子标题,帖子点赞数,帖子评论数,comment_level,comment_id,parent_comment_id,user_id,content,comment_time,location,like_count,reply_count,char_len,post_category,robot_status,human_role,effective_token_count,robot_status_group,topic
69e481e8000000002003ad94,"

",,,2,69e4916c0000000014018c09,69e490ae000000001401d42a,5a3cea154eacab600209420b,为以后做准备，复杂地形，废墟，山地，城市，你懂的[偷笑R]。之后还会有多足机器人，那玩意可就吓人了,2026.04.19,上海,8904.0,,49,强势|服务者,强势,服务者,12,强势成功,0
69da7e87000000001a03484e,"今晚的亦庄机器人马拉松测试

",,8169.0,1,69daef220000000035024590,,6225a0840000000010004d0d,你们这些说机器人跑步没用的人。想想你们老的走不动路的时候。突然心梗 机器人就可以飞一样背着去医院。,2026.04.12,美国,4613.0,241.0,49,强势|观众,强势,观众,13,强势成功,0
69e4551e000000001f005895,"荣耀机器人赢麻了🤖我觉得它表情在嘲讽我

",,816.0,2,69e494fd000000001401c01e,69e490dd000000001401e423,585b320482ec390142b28a5a,据我今天刷到的不完全统计：在摔倒的机器人对手旁边鼓掌，给观众跳舞，最后没电坐上了救护车,2026.04.19,山东,3219.0,,43,强势|被超越者,强势,被超越者,14,强势成功,0
69e447d2000000001d01aa01,"当算法有了腿，程序员万万没想到……

",,2912.0,2,69e455d5000000001401dc2f,69e45575000000001401e004,621ddac6000000002102735d,好像是机器人自己跑了，工程师赶上去断电,2026.04.19,天津,2703.0,,19,强势|服务者,强势,服务者,5,强势成功,0
69da7e87000000001a03484e,"今晚的亦庄机器人马拉松测试

",,8169.0,2,69daf728000000001400868f,69daf56d000000001601419c,576457d06a6a695229d3dd8d,他们有时候还会给这玩意穿个带反光条的上衣！但是没有裤子！远远的就听见声音了，它跑过来才看到是个没穿裤子的机器人！,2026.04.12,北京,1203.0,,56,强势|观众,强势,观众,14,强势成功,0
69e481e8000000002003ad94,"

",,,1,69e4962e000000001401b006,,5c23652e00000000050032b8,一个机器人需要3个人伺候，就业新方向来了,2026.04.19,黑龙江,1144.0,73.0,20,强势|服务者,强势,服务者,6,强势成功,0
69e481e8000000002003ad94,"

",,,2,69e492de000000001401d809,69e490ae000000001401d42a,651a3fa30000000024014f22,因为人形可以和人本身结合起来，他可以用人的装备，人的武器，人也可以用他们的,2026.04.19,山东,907.0,,37,强势|服务者,强势,服务者,10,强势成功,0
69e481e8000000002003ad94,"

",,,2,69e49292000000001401a80a,69e490ae000000001401d42a,5b4ae3344eacab35f35772a7,具身智能也是要发展的，这是未来5年重要的发展方向之一,2026.04.19,广东,786.0,,26,强势|服务者,强势,服务者,7,强势成功,0
69e463df000000001b003017,"

",3270.0,219.0,1,69e578ee000000001401bc24,,5ec625ff000000000101c342,此刻宇树的一个机器人在关注的欢呼声中唱跳rap无法自拔，另一个在看小朋友摔跤吃瓜[暗中观察R],2026.04.20,天津,662.0,9.0,47,强势|服务者,强势,服务者,11,强势成功,0
69da7e87000000001a03484e,"今晚的亦庄机器人马拉松测试

",,8169.0,1,69db30220000000016016d90,,6787d0a3000000000803e9aa,假如，我是说假如，某一天，机器人造反了，我们会不会连开车都追不上了[笑哭R],2026.04.12,广东,537.0,166.0,38,强势|观众,强势,观众,7,强势成功,0
69e447d2000000001d01aa01,"当算法有了腿，程序员万万没想到……

",,2912.0,2,69e45a6c000000001401a412,69e45575000000001401e004,67a1abc3000000000e01276b,[扶墙R][扶墙R]机器人现在就有自己想法了吗，好高级[扶墙R],2026.04.19,江苏,402.0,,32,强势|服务者,强势,服务者,3,强势成功,0
69e447d2000000001d01aa01,"当算法有了腿，程序员万万没想到……

",,2912.0,2,69e46fa4000000001401d40e,69e46f4d0000000014018827,596450666a6a6926c5475979,那机器人晚上就不回家吃饭了,2026.04.19,北京,387.0,,13,强势|服务者,强势,服务者,4,强势成功,0
69da7e87000000001a03484e,"今晚的亦庄机器人马拉松测试

",,8169.0,1,69dab64a0000000016015dcc,,5f532c2c000000000101eb92,上次见机器人跑步视频，还是两个肥仔在旁边跟着呢。现在这个视频要是没加速，估计程序员跟不上了[笑哭R],2026.04.12,美国,361.0,13.0,50,强势|观众,强势,观众,14,强势成功,0
69e481e8000000002003ad94,"

",,,1,69e5841a000000001401d81f,,5ba7a42e95d6810001712b6e,一个机器人，三个人服侍它，以后不怕没岗位啦[偷笑R],2026.04.20,广东,339.0,51.0,26,强势|服务者,强势,服务者,6,强势成功,0
69e481e8000000002003ad94,"

",,,2,69e5731c000000001401a017,69e571d9000000001401c009,61d9801000000000100071f8,很简单的理解。为什么是人型，因为这个社会所有的设施都按人为基准建的。你想，造一个人出来，首先要教会这个人走路，跑步啊，这才只是最简单的一步。只能说现在是刚学会走路跑步的一两岁小孩子。,2026.04.20,北京,251.0,,91,强势|服务者,强势,服务者,25,强势成功,0
69e48341000000001a02d0c4,"机器人马拉松，我们看乐了，西方人看破防了🤣

",3931.0,1022.0,2,69e4b1fa000000001401c82c,69e4a930000000001401a020,5e1e88b6000000000100a2c5,现在迭代这么快，应该十年内就能实现。上一届机器人马拉松这群玩意儿还是连滚带爬的，一年就超过人类了。,2026.04.19,江苏,251.0,,49,强势|观众,强势,观众,11,强势成功,0
69e4551e000000001f005895,"荣耀机器人赢麻了🤖我觉得它表情在嘲讽我

",,816.0,1,69e490dd000000001401e423,,62517ab8000000001000963a,宇树机器人成绩呢,2026.04.19,北京,229.0,82.0,8,强势|被超越者,强势,被超越者,3,强势成功,0
69da7e87000000001a03484e,"今晚的亦庄机器人马拉松测试

",,8169.0,2,69daf95800000000020358f1,69daef220000000035024590,5a572bd211be103277fe0bbf,外骨骼机器人让你自己跑去医院途中顺便给你心肺复苏[doge],2026.04.12,广东,228.0,,30,强势|观众,强势,观众,7,强势成功,0
69da7e87000000001a03484e,"今晚的亦庄机器人马拉松测试

",,8169.0,2,69db311200000000020375d8,69db30220000000016016d90,5c369050000000000502f484,到那天，车也是机器人。还敢开车，躲还来不及[doge],2026.04.12,广东,227.0,,27,强势|观众,强势,观众,5,强势成功,0
69e4551e000000001f005895,"荣耀机器人赢麻了🤖我觉得它表情在嘲讽我

",,816.0,2,69e49fd5000000001401e410,69e490dd000000001401e423,5dd49ad000000000010074e2,宇树机器人进化了，会偷懒了，跑一半整活去了,2026.04.19,广东,178.0,,21,强势|被超越者,强势,被超越者,6,强势成功,0
69da7e87000000001a03484e,"今晚的亦庄机器人马拉松测试

",,8169.0,2,69db0a5000000000350147ff,69db09350000000035018759,5e770029000000000100987c,专门跑的快的机器人叫汽车,2026.04.12,云南,174.0,,12,强势|观众,强势,观众,4,强势成功,0
69da7e87000000001a03484e,"今晚的亦庄机器人马拉松测试

",,8169.0,2,69db3122000000000d03da88,69db30220000000016016d90,64be3761000000001403a338,车也是机器人的一员，你还想开车[doge],2026.04.12,山西,156.0,,21,强势|观众,强势,观众,3,强势成功,0
69e4551e000000001f005895,"荣耀机器人赢麻了🤖我觉得它表情在嘲讽我

",,816.0,2,69e49f7e000000001401a007,69e490dd000000001401e423,59c245fb44363b16d866bf8d,别的机器人摔了他在边上看热闹还鼓掌[笑哭R]笑死了,2026.04.19,江苏,149.0,,25,强势|被超越者,强势,被超越者,5,强势成功,0
69e48341000000001a02d0c4,"机器人马拉松，我们看乐了，西方人看破防了🤣

",3931.0,1022.0,1,69e495f6000000001401e015,,615189cb000000000201b487,小红书已经问了，研究这些机器人出来有什么用[doge][doge],2026.04.19,广西,144.0,62.0,33,强势|观众,强势,观众,4,强势成功,0
69e481e8000000002003ad94,"

",,,2,69e586210000000014019813,69e585a70000000014018c15,5bb3293a3b41e5000166bf7a,没事 机器人发展比你大脑发展快的多[doge][doge],2026.04.20,湖北,114.0,,29,强势|服务者,强势,服务者,5,强势成功,0
69e481e8000000002003ad94,"

",,,2,69e493200000000014019813,69e490ae000000001401d42a,5721756984edcd5233c333b9,全地形作战，人形也不是最好的选择[偷笑R],2026.04.19,上海,100.0,,21,强势|服务者,强势,服务者,5,强势成功,0
69e447d2000000001d01aa01,"当算法有了腿，程序员万万没想到……

",,2912.0,2,69e46760000000001401d835,69e4636b0000000014018824,65c0d972000000000d03fe70,这就是一个公开的、实景路况测试，也是一个机器人企业“功夫”是否到家、软件硬件是否耐造以及数据采集的机会，行不行，拉出来溜溜，让所有企业有机会实打实的与同行较量比较，争取下次更好，有助于国产机器人的加速进步，,2026.04.19,江苏,100.0,,103,强势|服务者,强势,服务者,34,强势成功,0
69e447d2000000001d01aa01,"当算法有了腿，程序员万万没想到……

",,2912.0,1,69e4636b0000000014018824,,69a851b10000000032029371,机器人跑马拉松是何用处呢（纯好奇）,2026.04.19,广东,99.0,80.0,17,强势|服务者,强势,服务者,4,强势成功,0
69da7e87000000001a03484e,"今晚的亦庄机器人马拉松测试

",,8169.0,2,69db24540000000001004f95,69db1b05000000003503073f,61b70c72000000001000c5ca,[偷笑R]你得反过来看，是这种两条腿的类人型机器人在拼速度[大笑R],2026.04.12,法国,97.0,,34,强势|观众,强势,观众,5,强势成功,0
69e44278000000001a0217bb,"机器人超过我的瞬间

",6019.0,372.0,1,69e5bf73000000001401940a,,5af417c911be10381999484b,“机器人超过我了”莫名想哭 感受到了一代一代的托举 是人和人之间 也是人和机器人之间,2026.04.20,江西,93.0,6.0,42,强势|被超越者,强势,被超越者,13,强势成功,0
69e4551e000000001f005895,"荣耀机器人赢麻了🤖我觉得它表情在嘲讽我

",,816.0,1,69e47e4a000000001401cc1c,,55fa1118a75c9522d84386a4,哈哈哈哈从《我追一下》到《拜拜了您呐》只用了五秒[偷笑R][偷笑R],2026.04.19,北京,6956.0,61.0,34,强势|被超越者,强势,被超越者,4,强势成功,1
69e447d2000000001d01aa01,"当算法有了腿，程序员万万没想到……

",,2912.0,2,69e45624000000001401dc35,69e44a84000000001401b822,61d949c1000000001000d911,肩颈问题就康复了，每天跑步,2026.04.19,浙江,4451.0,,13,强势|服务者,强势,服务者,5,强势成功,1
69e481e8000000002003ad94,"

",,,1,69e56a0b000000001401c009,,5a2a0f614eacab460655f17f,这减速到停下简直不要太丝滑，还有站稳后晃的那两下[捂脸R]像低血糖似的,2026.04.20,广东,3043.0,43.0,35,强势|服务者,强势,服务者,10,强势成功,1
69e46730000000001d0199c8,"

",,761.0,1,69e52051000000001401bc02,,61699633000000000201bd26,不得不说，第一个跑的确实最快，吧嗒吧嗒的,2026.04.20,湖南,2979.0,7.0,20,强势|观众,强势,观众,6,强势成功,1
69da7e87000000001a03484e,"今晚的亦庄机器人马拉松测试

",,8169.0,1,69daf56d000000001601419c,,576457d06a6a695229d3dd8d,你知道夜里在亦庄看到这些玩意，独自训练的时候有多诡异吗？[哭惹R][哭惹R],2026.04.12,北京,2564.0,102.0,38,强势|观众,强势,观众,8,强势成功,1
69da7e87000000001a03484e,"今晚的亦庄机器人马拉松测试

",,8169.0,2,69db30cc000000003500c79d,69db30220000000016016d90,6617b16e0000000007005302,造反了就不是你去追他了，你应该想想开啥车能逃掉[暗中观察R][doge],2026.04.12,山东,1658.0,,36,强势|观众,强势,观众,5,强势成功,1
69e45dbe000000001f00434f,"机器人跑马拉松超越人类？

",4650.0,773.0,1,69e4e279000000001401a41b,,5be7fb237f584800013c75d8,元气仔姿势最标准[笑哭R],2026.04.19,广东,1442.0,47.0,13,强势|观众,强势,观众,3,强势成功,1
69da7e87000000001a03484e,"今晚的亦庄机器人马拉松测试

",,8169.0,1,69da9a3500000000010073ef,,5991139c50c4b459b6942b69,我就知道是因为你小子使劲儿跑步呢[生气R][生气R],2026.04.12,北京,1046.0,36.0,26,强势|观众,强势,观众,5,强势成功,1
69e4551e000000001f005895,"荣耀机器人赢麻了🤖我觉得它表情在嘲讽我

",,816.0,2,69e4926b000000001401b822,69e490dd000000001401e423,5b2519aae8ac2b3cac86e6fb,人给观众跳舞去了[嘻嘻R]盛情难却,2026.04.19,山东,601.0,,17,强势|被超越者,强势,被超越者,4,强势成功,1
69da7e87000000001a03484e,"今晚的亦庄机器人马拉松测试

",,8169.0,2,69dae0110000000035031dd3,69dac8d7000000000c0319f8,5cada7750000000011007631,刚换的钛合金膝盖,2026.04.12,北京,590.0,,8,强势|观众,强势,观众,3,强势成功,1
69e46730000000001d0199c8,"

",,761.0,2,69e523c1000000001401e401,69e52051000000001401bc02,6440a2c40000000012034fec,还摔了一跤呢，担架都上来了，但是没用上，扶起来起来又跑了[笑哭R],2026.04.20,北京,522.0,,33,强势|观众,强势,观众,6,强势成功,1
69e4412a000000002103883f,"荣耀闪电队-齐天大圣夺冠！

",3517.0,445.0,2,69e464d4000000001401e823,69e46094000000001401a41b,5fc221b70000000001007c68,甩起来更有助于平衡,2026.04.19,四川,417.0,,9,强势|观众,强势,观众,3,强势成功,1
69da7e87000000001a03484e,"今晚的亦庄机器人马拉松测试

",,8169.0,1,69db7fb1000000000c031c62,,5de0f1e60000000001003b16,荣耀那个机器人跑的是真快,2026.04.12,江西,405.0,3.0,12,强势|观众,强势,观众,3,强势成功,1
69e45dbe000000001f00434f,"机器人跑马拉松超越人类？

",4650.0,773.0,1,69e4daa5000000001401c02c,,60f6e9aa0000000001005874,元气仔跑得最好,2026.04.19,广东,374.0,8.0,7,强势|观众,强势,观众,3,强势成功,1
69e45dbe000000001f00434f,"机器人跑马拉松超越人类？

",4650.0,773.0,2,69e4e324000000001401b024,69e4e279000000001401a41b,5ea82e9700000000010093f0,轻松优雅最像人类,2026.04.19,北京,365.0,,8,强势|观众,强势,观众,4,强势成功,1
69e447d2000000001d01aa01,"当算法有了腿，程序员万万没想到……

",,2912.0,2,69e45710000000001401cc32,69e45575000000001401e004,6471bd0e0000000012036a24,什么！！！那哪里能追上,2026.04.19,河南,270.0,,11,强势|服务者,强势,服务者,2,强势成功,1
69e46730000000001d0199c8,"

",,761.0,1,69e4d3db000000001401b839,,621b75550000000021021d38,这个最像人跑步👍,2026.04.19,广东,254.0,8.0,8,强势|观众,强势,观众,3,强势成功,1
69e4551e000000001f005895,"荣耀机器人赢麻了🤖我觉得它表情在嘲讽我

",,816.0,2,69e48661000000001401c030,69e47f9e0000000014018803,5aabfe094eacab0ddad51d13,它冲线的时候48分多  还是摔了一次的[笑哭R],2026.04.19,日本,235.0,,24,强势|被超越者,强势,被超越者,4,强势成功,1
69da7e87000000001a03484e,"今晚的亦庄机器人马拉松测试

",,8169.0,1,69db843700000000350151f6,,636e306b000000001f01b9c7,你们先告诉我第几个跑过去的是荣耀的机器人？这速度生怕我看清楚啊,2026.04.12,陕西,225.0,4.0,31,强势|观众,强势,观众,8,强势成功,1
69e4551e000000001f005895,"荣耀机器人赢麻了🤖我觉得它表情在嘲讽我

",,816.0,2,69e484c2000000001401d41b,69e4848e000000001401cc2f,60517672000000000101cb13,不怕被拖在地上[派对R][偷笑R],2026.04.19,福建,221.0,,17,强势|被超越者,强势,被超越者,2,强势成功,1
69da7e87000000001a03484e,"今晚的亦庄机器人马拉松测试

",,8169.0,1,69db07d900000000020368d2,,61f76bff000000001000a222,上一次比赛被骂路都走不明白，这次都能跑的飞快了就骂跑的快有什么用[赞R][赞R][赞R],2026.04.12,黑龙江,202.0,9.0,44,强势|观众,强势,观众,6,强势成功,1
69da7e87000000001a03484e,"今晚的亦庄机器人马拉松测试

",,8169.0,2,69db09960000000014008617,69db09350000000035018759,596589e350c4b432aa457081,跑是整体协调的调整，综合素质的提升,2026.04.12,山东,182.0,,17,强势|观众,强势,观众,6,强势成功,1
69e46730000000001d0199c8,"

",,761.0,2,69e74a9c000000001401d417,69e748fd0000000014019805,6582f7dc000000003d029db8,得先会走，然后再跑。。不可能一口吃成个胖子啊。。,2026.04.21,江苏,158.0,,24,强势|观众,强势,观众,4,强势成功,1
69e447d2000000001d01aa01,"当算法有了腿，程序员万万没想到……

",,2912.0,2,69e46c0f000000001401c835,69e45fee0000000014019c18,5c447c21000000000502474f,然后猝死了，心源性...[笑哭R][笑哭R],2026.04.19,四川,153.0,,22,强势|服务者,强势,服务者,2,强势成功,1
69e46730000000001d0199c8,"

",,761.0,2,69e49f1a000000001401e82b,69e46b1c000000001401c433,5c1f352f000000000701c32f,：测测鼻息？不行了？,2026.04.19,湖南,135.0,,10,强势|观众,强势,观众,3,强势成功,1
69e463df000000001b003017,"

",3270.0,219.0,2,69e59ed8000000001401c028,69e578ee000000001401bc24,5ad9610e11be105679759d79,那是民间团体和国外团队，他们是买了宇树G2自己调教参赛[笑哭R]宇树官方用的H1,2026.04.20,四川,117.0,,40,强势|服务者,强势,服务者,10,强势成功,1
69e45dbe000000001f00434f,"机器人跑马拉松超越人类？

",4650.0,773.0,2,69e4e5fc000000001401a811,69e4e279000000001401a41b,656bcc32000000001902e486,我真惊讶了，最像人,2026.04.19,广东,109.0,,9,强势|观众,强势,观众,3,强势成功,1
69e4412a000000002103883f,"荣耀闪电队-齐天大圣夺冠！

",3517.0,445.0,1,69e479760000000014019c2a,,63611635000000001f01fe37,哈哈，拿着奶嘴就上来了，小卡拉咪,2026.04.19,安徽,105.0,7.0,16,强势|观众,强势,观众,3,强势成功,1
69e4551e000000001f005895,"荣耀机器人赢麻了🤖我觉得它表情在嘲讽我

",,816.0,2,69e486e2000000001401a003,69e47f9e0000000014018803,63239ad8000000002303db4d,太疯狂了[捂脸R][捂脸R][捂脸R]48分钟我还在10公里处,2026.04.19,北京,98.0,,31,强势|被超越者,强势,被超越者,5,强势成功,1
69e4551e000000001f005895,"荣耀机器人赢麻了🤖我觉得它表情在嘲讽我

",,816.0,1,69e4848e000000001401cc2f,,5fc6446c0000000001006aa8,可以买个晚上陪跑吗？,2026.04.19,广东,94.0,16.0,10,强势|被超越者,强势,被超越者,2,强势成功,1
69e44278000000001a0217bb,"机器人超过我的瞬间

",6019.0,372.0,1,69e4573a000000001401a417,,599fe7ce6a6a6917a03c4e09,您是生命的热烈，它是钢铁的进步[赞R],2026.04.19,北京,3905.0,33.0,19,强势|被超越者,强势,被超越者,4,强势成功,2
69e447d2000000001d01aa01,"当算法有了腿，程序员万万没想到……

",,2912.0,1,69e48c45000000001401e034,,6803b2b6000000000e01dbf2,怪不得程序员不要35以上的[捂脸R],2026.04.19,上海,2025.0,41.0,18,强势|服务者,强势,服务者,5,强势成功,2
69e481e8000000002003ad94,"

",,,1,69e5949d000000001401cc1b,,657b027f0000000019012b19,孙孙，切汤饭了[doge],2026.04.20,浙江,1240.0,47.0,13,强势|服务者,强势,服务者,2,强势成功,2
69e46730000000001d0199c8,"

",,761.0,1,69e46b1c000000001401c433,,5ab5b34f11be10767aeeb06d,你解说的好棒 太逗了[偷笑R],2026.04.19,北京,1223.0,19.0,15,强势|观众,强势,观众,2,强势成功,2
69e44278000000001a0217bb,"机器人超过我的瞬间

",6019.0,372.0,2,69e464cb000000001401e415,69e4573a000000001401a417,6121ebd1000000002002f450,您是语言的艺术,2026.04.19,山西,880.0,,7,强势|被超越者,强势,被超越者,2,强势成功,2
69e481e8000000002003ad94,"

",,,1,69e4d70c000000001401e40b,,6381a875000000001f016abd,看了一些评论，我只能说，尊重每一只青蛙，和它的井。,2026.04.19,北京,422.0,10.0,25,强势|服务者,强势,服务者,5,强势成功,2
69e46730000000001d0199c8,"

",,761.0,1,69e4db75000000001401c83d,,5fabf660000000000100a676,强烈要求主播下界要上去解说 更精彩,2026.04.19,福建,380.0,4.0,17,强势|观众,强势,观众,6,强势成功,2
69e463df000000001b003017,"

",3270.0,219.0,1,69e4f0db000000002b002b1e,,5de0c42600000000010013c0,赶紧加个语音智能，就可以发表获奖感言了[doge],2026.04.19,加拿大,299.0,15.0,25,强势|服务者,强势,服务者,7,强势成功,2
69da7e87000000001a03484e,"今晚的亦庄机器人马拉松测试

",,8169.0,2,69db087400000000350113be,69daf56d000000001601419c,5aa35c114eacab11b5783fd9,白天偶尔也会看到鸵鸟在马路上跑了,2026.04.12,北京,283.0,,16,强势|观众,强势,观众,4,强势成功,2
69e45dbe000000001f00434f,"机器人跑马拉松超越人类？

",4650.0,773.0,1,69e5f0f90000000014019420,,5bc57bc7f7e8b94c6f5cbe16,去年都还在连滚带爬，今年已经从从容容了[彩虹R][彩虹R][赞R][赞R],2026.04.20,四川,251.0,6.0,37,强势|观众,强势,观众,4,强势成功,2
69da7e87000000001a03484e,"今晚的亦庄机器人马拉松测试

",,8169.0,2,69daf2440000000035025bc9,69da9a3500000000010073ef,575c088650c4b46fee1372ce,评论区唯一受害者,2026.04.12,北京,245.0,,8,强势|观众,强势,观众,3,强势成功,2
69e4412a000000002103883f,"荣耀闪电队-齐天大圣夺冠！

",3517.0,445.0,1,69e4c8c6000000001401e025,,5b0849c74eacab771bfe9343,玩归玩，笑归笑，看见中国科技一点点的进步，真的让人感动。,2026.04.19,湖北,232.0,5.0,28,强势|观众,强势,观众,9,强势成功,2
69da7e87000000001a03484e,"今晚的亦庄机器人马拉松测试

",,8169.0,2,69db0376000000000d03f7a8,69daf1a9000000000103c4f0,66fd5e06000000001d030e9c,好角度，建议下次再深刻一些，例如从伦理开始批判,2026.04.12,广东,146.0,,23,强势|观众,强势,观众,8,强势成功,2
69e481e8000000002003ad94,"

",,,1,69e71b47000000001401ac15,,5b20a18e6b58b775e9548708,这东西的意义在哪？,2026.04.21,广东,110.0,135.0,9,强势|服务者,强势,服务者,2,强势成功,2
69da7e87000000001a03484e,"今晚的亦庄机器人马拉松测试

",,8169.0,2,69e445be000000001401e00e,69e42853000000001401cc00,63864adf000000001f01b950,认知差的话据说吃猪脑可以补[大笑R],2026.04.19,福建,103.0,,18,强势|观众,强势,观众,4,强势成功,2
69e481e8000000002003ad94,"

",,,2,69e59d68000000001401e42f,69e57c66000000001401e818,60bdca72000000002002917d,应该都比你这个问题含金量高,2026.04.20,福建,98.0,,13,强势|服务者,强势,服务者,2,强势成功,2
69e46730000000001d0199c8,"

",,761.0,1,69e5ea50000000001401d834,,665bde3f0000000007005d31,可是我觉得它们好可爱啊,2026.04.20,广东,96.0,4.0,11,强势|观众,强势,观众,2,强势成功,2
69da7e87000000001a03484e,"今晚的亦庄机器人马拉松测试

",,8169.0,1,69daf44c0000000002034816,,583846e26a6a693ad720a77a,好多唱反调的人，我怀疑是小红书用算法在挑动对立[赞R],2026.04.12,浙江,91.0,15.0,27,强势|观众,强势,观众,9,强势成功,2
69e481e8000000002003ad94,"

",,,2,69e5bb51000000001401b817,69e5babd0000000014019c1f,603dcd1900000000010036aa,这个比赛有自主组，也有非自主组[汗颜R],2026.04.20,四川,84.0,,20,强势|服务者,强势,服务者,3,强势成功,2
69e44278000000001a0217bb,"机器人超过我的瞬间

",6019.0,372.0,2,69e477f8000000001401c828,69e4573a000000001401a417,5a9fa7c44eacab5ce09cd0e1,您们都是生活的艺术家,2026.04.19,福建,82.0,,10,强势|被超越者,强势,被超越者,3,强势成功,2
69da7e87000000001a03484e,"今晚的亦庄机器人马拉松测试

",,8169.0,1,69dadd5c000000003500d5fd,,580c566c50c4b47740e07f1a,感觉亦庄好有科技感，无人驾驶汽车，机器人，各种新科技都在那测试,2026.04.12,北京,74.0,9.0,31,强势|观众,强势,观众,8,强势成功,2
69e46730000000001d0199c8,"

",,761.0,2,69e4e06a000000001401941b,69e4db75000000001401c83d,6492bd9800000000250341a7,哎呀我也觉得好好笑，淡淡地说出很疯的话的感觉哈哈哈哈哈,2026.04.19,广西,73.0,,27,强势|观众,强势,观众,5,强势成功,2
69e481e8000000002003ad94,"

",,,2,69e49656000000001401e408,69e495aa0000000014019035,66626c5e000000000b03002c,检测各项技术的应用能力，很多技术需要先验证再民用的，像原来很多赛车上的技术。,2026.04.19,浙江,70.0,,38,强势|服务者,强势,服务者,14,强势成功,2
69da7e87000000001a03484e,"今晚的亦庄机器人马拉松测试

",,8169.0,1,69dafb8f0000000016014fbc,,5fd0472f000000000101d26e,比起昨年，肉眼可见的进步,2026.04.12,四川,69.0,31.0,12,强势|观众,强势,观众,5,强势成功,2
69da7e87000000001a03484e,"今晚的亦庄机器人马拉松测试

",,8169.0,2,69dae230000000000d03cf8b,69dadd5c000000003500d5fd,635624f7000000001802bd9e,亦庄还有鸵鸟呢[doge],2026.04.12,福建,67.0,,13,强势|观众,强势,观众,2,强势成功,2
69e481e8000000002003ad94,"

",,,2,69e724480000000014018806,69e7223d0000000014018c02,6027d9d50000000001007b16,所以咱是普通人，没有前瞻性,2026.04.21,浙江,67.0,,13,强势|服务者,强势,服务者,3,强势成功,2
69da7e87000000001a03484e,"今晚的亦庄机器人马拉松测试

",,8169.0,2,69dbffb000000000350122bf,69dbd52a000000003502ca11,67858211000000000803f3dc,没焦虑，你永远不知道客户有什么出格要求。,2026.04.13,广西,62.0,,20,强势|观众,强势,观众,6,强势成功,2
69e447d2000000001d01aa01,"当算法有了腿，程序员万万没想到……

",,2912.0,2,69e4af92000000001401b825,69e48c45000000001401e034,5b0ff888e8ac2b1c04ce12b0,答案出现了[doge],2026.04.19,福建,61.0,,11,强势|服务者,强势,服务者,2,强势成功,2
69e447d2000000001d01aa01,"当算法有了腿，程序员万万没想到……

",,2912.0,2,69e4734a000000001401d41b,69e4728f000000001401ac1e,5a04638011be1045e77d5836,年轻还行，再隔几年就没了[笑哭R],2026.04.19,重庆,61.0,,17,强势|服务者,强势,服务者,4,强势成功,2
69da7e87000000001a03484e,"今晚的亦庄机器人马拉松测试

",,8169.0,2,69db1fef00000000160153f2,69daf56d000000001601419c,5b7e1d754a29df0001be9cf8,亦庄无人驾驶也很多，经常一扭头发现一起等红灯的车里没有司机[捂脸R],2026.04.12,北京,54.0,,34,强势|观众,强势,观众,10,强势成功,2
69e481e8000000002003ad94,"

",,,2,69e48647000000001401c03c,69e4853b000000001401b022,5c1f80c70000000006039d5c,快速散热的，但是可燃，有火花就直接烧,2026.04.19,上海,8645.0,,18,强势|服务者,强势,服务者,4,强势成功,3
69e4551e000000001f005895,"荣耀机器人赢麻了🤖我觉得它表情在嘲讽我

",,816.0,1,69e48d160000000014018c1b,,5fa8d0fc000000000100566c,这玩意只要有电，能跑死你们人类,2026.04.19,安徽,2825.0,153.0,15,强势|被超越者,强势,被超越者,4,强势成功,3
69e481e8000000002003ad94,"

",,,2,69e489460000000014018c23,69e4853b000000001401b022,5b706599f7e8b95176d1359c,足球赛场上也用，烷基制冷喷雾,2026.04.19,北京,1355.0,,14,强势|服务者,强势,服务者,5,强势成功,3
69e447d2000000001d01aa01,"当算法有了腿，程序员万万没想到……

",,2912.0,2,69e45839000000001401e003,69e45575000000001401e004,621ddac6000000002102735d,不知道是不是一回事。最后结果是追上断电了。,2026.04.19,天津,338.0,,21,强势|服务者,强势,服务者,7,强势成功,3
69e481e8000000002003ad94,"

",,,2,69e4898c000000001401b002,69e4853b000000001401b022,61c85d85000000001000cd1e,感觉是压缩空气，降温用,2026.04.19,浙江,335.0,,11,强势|服务者,强势,服务者,2,强势成功,3
69da7e87000000001a03484e,"今晚的亦庄机器人马拉松测试

",,8169.0,2,69dad46b000000003501bc1d,69dac8d7000000000c0319f8,6299ff0e000000002102022f,大不了换零件[doge],2026.04.12,天津,164.0,,12,强势|观众,强势,观众,2,强势成功,3
69e481e8000000002003ad94,"

",,,2,69e595f5000000001401b01d,69e5949d000000001401cc1b,5724420250c4b430e1131110,冰块，降温散热用的。,2026.04.20,上海,154.0,,10,强势|服务者,强势,服务者,3,强势成功,3
69e481e8000000002003ad94,"

",,,2,69e48a26000000001401980f,69e4853b000000001401b022,6593daf8000000001f03a111,我以为是云南白药呢[暗中观察R],2026.04.19,北京,108.0,,16,强势|服务者,强势,服务者,2,强势成功,3
69e481e8000000002003ad94,"

",,,2,69e4899a000000001401b00a,69e4853b000000001401b022,6788d4ff000000000801d683,降温散热的,2026.04.19,北京,99.0,,5,强势|服务者,强势,服务者,2,强势成功,3
69e481e8000000002003ad94,"

",,,2,69e59e15000000001401a008,69e5949d000000001401cc1b,5a28c0e6b1da1449d366a6d4,干冰，这个桶可太熟悉了[笑哭R],2026.04.20,山东,69.0,,16,强势|服务者,强势,服务者,2,强势成功,3
69e4551e000000001f005895,"荣耀机器人赢麻了🤖我觉得它表情在嘲讽我

",,816.0,2,69e493f9000000001401c00c,69e48b57000000001401bc2e,64e623f70000000001012981,主要问题不是电量，而是散热,2026.04.19,四川,59.0,,13,强势|被超越者,强势,被超越者,5,强势成功,3
69e481e8000000002003ad94,"

",,,2,69e57975000000001401bc13,69e56a0b000000001401c009,581dcf073460940cfdc72f4e,估计是电压不足,2026.04.20,山东,49.0,,7,强势|服务者,强势,服务者,3,强势成功,3
69e4551e000000001f005895,"荣耀机器人赢麻了🤖我觉得它表情在嘲讽我

",,816.0,2,69e49c21000000001401b828,69e48d160000000014018c1b,61b02fd200000000100072b7,会自焚的降温跟不上的话[捂脸R],2026.04.19,山东,46.0,,16,强势|被超越者,强势,被超越者,4,强势成功,3
69e46730000000001d0199c8,"

",,761.0,1,69e4e367000000001401e021,,62029b440000000010009fa3,这不是热水器在跑步吗[笑哭R][笑哭R][笑哭R],2026.04.19,广东,38.0,3.0,25,强势|观众,强势,观众,2,强势成功,3
69e4551e000000001f005895,"荣耀机器人赢麻了🤖我觉得它表情在嘲讽我

",,816.0,1,69e4f216000000001401940a,,5f7f2c30000000000101cecb,它这个散热系统是真牛逼呀,2026.04.19,重庆,36.0,0.0,12,强势|被超越者,强势,被超越者,2,强势成功,3
69e481e8000000002003ad94,"

",,,2,69e4ffdf000000001401d40b,69e4fb83000000001401c40c,67a5e751000000000e01de9e,冰块啊！应该是降温用的,2026.04.20,福建,35.0,,11,强势|服务者,强势,服务者,2,强势成功,3
69e463df000000001b003017,"

",3270.0,219.0,1,69eb54d0000000002803e2d9,,695673240000000037002da7,你们说闪电和win会不会电池是一样的[旺柴],2026.04.24,湖北,33.0,1.0,22,强势|服务者,强势,服务者,4,强势成功,3
69e4551e000000001f005895,"荣耀机器人赢麻了🤖我觉得它表情在嘲讽我

",,816.0,1,69f181ef00000000270144af,,62dfb87a000000001f004394,闪电，快点给你的青海湖电池吐出来放我身上，我燃尽了,2026.04.29,吉林,32.0,3.0,25,强势|被超越者,强势,被超越者,7,强势成功,3
69e463df000000001b003017,"

",3270.0,219.0,1,69ec66ff00000000270175e9,,69c3660900000000320277bf,散热看起来和win似的，算是同根同源了,2026.04.25,河北,30.0,0.0,19,强势|服务者,强势,服务者,7,强势成功,3
69e481e8000000002003ad94,"

",,,2,69e598f9000000001401b81c,69e4a3ea000000001401e813,685ff465000000001b019504,那是保温壶，里面装的碎冰块，给主机降温的[doge],2026.04.20,北京,24.0,,26,强势|服务者,强势,服务者,5,强势成功,3
69e481e8000000002003ad94,"

",,,1,69e6f8a10000000014019c09,,5e8297000000000001001b48,往它背上倒的是啥？蛋白粉吗？,2026.04.21,四川,22.0,7.0,14,强势|服务者,强势,服务者,2,强势成功,3
69e463df000000001b003017,"

",3270.0,219.0,1,69ec66ef000000002803845c,,697a0a39000000001d01b1b3,闪电是不是和win似的用的也是青海湖电池,2026.04.25,湖北,21.0,0.0,20,强势|服务者,强势,服务者,6,强势成功,3
69da7e87000000001a03484e,"今晚的亦庄机器人马拉松测试

",,8169.0,2,69db14d600000000350128b6,69daf1a9000000000103c4f0,5ccbe39c0000000012015b14,还费电呢，你下次建议他别用电池,2026.04.12,北京,21.0,,15,强势|观众,强势,观众,5,强势成功,3
69e481e8000000002003ad94,"

",,,1,69e49ad60000000014018c19,,61a5f90c000000001000ed65,笑死了，我一开始以为是高级燃料，结果发现是往背包里放冰,2026.04.19,上海,20.0,4.0,27,强势|服务者,强势,服务者,8,强势成功,3
69e481e8000000002003ad94,"

",,,2,69e48c3f000000001401dc1f,69e4853b000000001401b022,667ed23d00000000030317fa,润滑降温，背后还有冰块,2026.04.19,四川,20.0,,11,强势|服务者,强势,服务者,4,强势成功,3
69e48341000000001a02d0c4,"机器人马拉松，我们看乐了，西方人看破防了🤣

",3931.0,1022.0,2,69e4c80e0000000014019c17,69e4c0e6000000001401bc1d,688f25e800000000200115ea,是啥也不听，然后舔个大脸张嘴就来[捂脸R],2026.04.19,辽宁,20.0,,21,强势|观众,强势,观众,2,强势成功,3
69e481e8000000002003ad94,"

",,,2,69e48b1b000000001401b809,69e4853b000000001401b022,5a78694611be1036f49b3868,降温，就想踢球被撞，云南喷雾剂[偷笑R],2026.04.19,上海,19.0,,20,强势|服务者,强势,服务者,4,强势成功,3
69e481e8000000002003ad94,"

",,,2,69e49428000000001401880d,69e493ea000000001401e029,5bbdb3ea6776780001043d5f,对，主板散热,2026.04.19,福建,19.0,,6,强势|服务者,强势,服务者,2,强势成功,3
69e481e8000000002003ad94,"

",,,1,69e4a6c2000000001401dc38,,678671f4000000000801c6ef,这时冰和冷却喷雾吗？所以补给只为了降温？,2026.04.19,上海,18.0,6.0,20,强势|服务者,强势,服务者,6,强势成功,3
69e481e8000000002003ad94,"

",,,2,69e48a07000000001401b820,69e4853b000000001401b022,68087e4e000000000d00863d,应该是帮助散热的,2026.04.19,江苏,18.0,,8,强势|服务者,强势,服务者,2,强势成功,3
69e481e8000000002003ad94,"

",,,1,69e490ae000000001401d42a,,5b92131965aece0001d21a33,比跑步干嘛非要人形，轮子不是更快[笑哭R],2026.04.19,浙江,4733.0,1334.0,21,强势|服务者,强势,服务者,6,强势成功,4
69e447d2000000001d01aa01,"当算法有了腿，程序员万万没想到……

",,2912.0,1,69e45575000000001401e004,,5894379c50c4b43970f65248,咱就不能骑个车跟着吗？[笑哭R],2026.04.19,北京,1864.0,134.0,16,强势|服务者,强势,服务者,2,强势成功,4
69e481e8000000002003ad94,"

",,,2,69e4924e000000001401c026,69e490ae000000001401d42a,63148d6d0000000015015a96,有轮的叫机器车,2026.04.19,广西,1421.0,,7,强势|服务者,强势,服务者,2,强势成功,4
69e481e8000000002003ad94,"

",,,2,69e722e5000000001401b01c,69e71b47000000001401ac15,60875faf000000000100883e,这个评论像极了最开始火车刚出来还没马车快，人们问这东西有啥用的时候,2026.04.21,云南,879.0,,33,强势|服务者,强势,服务者,7,强势成功,4
69e481e8000000002003ad94,"

",,,2,69e492f6000000001401c80f,69e490ae000000001401d42a,6584e5ca000000001c009983,等明年搞一个5公里越野跑，后年搞一个负重60公斤5公里越野跑，你就知道为什么要人形了。,2026.04.19,澳大利亚,698.0,,43,强势|服务者,强势,服务者,12,强势成功,4
69e447d2000000001d01aa01,"当算法有了腿，程序员万万没想到……

",,2912.0,2,69e464590000000014019403,69e4636b0000000014018824,5fd40865000000000100648a,就是一个象征，能跑马拉松就能追到在嫌疑人[大笑R]真要追问意义，人跑马拉松也没意义，不如田里耕地[大笑R],2026.04.19,天津,590.0,,53,强势|服务者,强势,服务者,13,强势成功,4
69e481e8000000002003ad94,"

",,,2,69e49b4b000000001401c41e,69e49a5c000000001401ac0a,6329de63000000002303d798,好，下次你办个马拉松轮椅大赛,2026.04.19,江苏,340.0,,14,强势|服务者,强势,服务者,5,强势成功,4
69e447d2000000001d01aa01,"当算法有了腿，程序员万万没想到……

",,2912.0,2,69e4658a0000000014019802,69e4636b0000000014018824,5f8f97e00000000001008ee8,理解为长距离真实路面自主行进测试,2026.04.19,北京,165.0,,16,强势|服务者,强势,服务者,7,强势成功,4
69e481e8000000002003ad94,"

",,,2,69e493ba000000001401a415,69e490ae000000001401d42a,62925ce40000000015017070,恭喜你发明了电动汽车[doge][doge],2026.04.19,内蒙古,159.0,,22,强势|服务者,强势,服务者,3,强势成功,4
69e481e8000000002003ad94,"

",,,2,69e7230c000000001401e027,69e71b47000000001401ac15,5f4a627d00000000010068b6,飞机刚上天的时候很多人也是这么问的,2026.04.21,宁夏,137.0,,17,强势|服务者,强势,服务者,4,强势成功,4
69e48341000000001a02d0c4,"机器人马拉松，我们看乐了，西方人看破防了🤣

",3931.0,1022.0,1,69e56581000000001401a405,,63710c92000000001f0190a7,小时候觉得日本机器人厉害，现在中国这方面碾压日本人。要是汽车领域压日本就更好了。中国发动机差一点,2026.04.20,日本,127.0,122.0,48,强势|观众,强势,观众,17,强势成功,4
69e481e8000000002003ad94,"

",,,2,69e6ba1f0000000014019c0b,69e6a9d00000000014019c03,5fd312bc000000000101f84e,换成四个轮子竞速的F1需要十多个人伺候一辆车，这是比赛啊。,2026.04.21,四川,101.0,,29,强势|服务者,强势,服务者,11,强势成功,4
69e48341000000001a02d0c4,"机器人马拉松，我们看乐了，西方人看破防了🤣

",3931.0,1022.0,2,69e5660b000000001401a004,69e56581000000001401a405,5fcaf854000000000101c18c,中国弯道超车，走电车路线，三电技术甩日本几条街,2026.04.20,云南,93.0,,23,强势|观众,强势,观众,9,强势成功,4
69e46730000000001d0199c8,"

",,761.0,2,69e77488000000001401982b,69e748fd0000000014019805,62281997000000001000fe57,我感觉就是测试性能的，续航持久度，关节能不能长时间快速磨损，电池或机械部位发热情况等等各种性能吧，搞个比赛大家一起对比对比互相竞争互相进步,2026.04.21,山东,62.0,,69,强势|观众,强势,观众,26,强势成功,4
69da7e87000000001a03484e,"今晚的亦庄机器人马拉松测试

",,8169.0,2,69db0a260000000001006db1,69db09ea0000000035017942,5f84231d00000000010000dd,按俩轱辘那叫电动车,2026.04.12,北京,60.0,,9,强势|观众,强势,观众,3,强势成功,4
69e481e8000000002003ad94,"

",,,2,69e4a109000000001401940d,69e49a050000000014019c00,6693bee60000000003032fab,老佛爷：洋人的火车还得弄轨道才能跑，为什么不直接用马车？,2026.04.19,河南,57.0,,28,强势|服务者,强势,服务者,7,强势成功,4
69e447d2000000001d01aa01,"当算法有了腿，程序员万万没想到……

",,2912.0,2,69e49fa6000000001401c01d,69e49ed0000000001401cc3e,609f6fb7000000000101c1d6,哈哈哈哈哈车如其名了属于是！,2026.04.19,天津,51.0,,14,强势|服务者,强势,服务者,2,强势成功,4
69e481e8000000002003ad94,"

",,,2,69e48c50000000001401b81b,69e48bf3000000001401ac1e,564fcf9d9eb57842e10b542b,比赛要求是两只脚倒蹬[doge][doge],2026.04.19,江苏,50.0,,22,强势|服务者,强势,服务者,4,强势成功,4
69e48341000000001a02d0c4,"机器人马拉松，我们看乐了，西方人看破防了🤣

",3931.0,1022.0,2,69e566b9000000001401980c,69e56581000000001401a405,6083d2ab0000000001000311,如果说汽车电机的话，应该不差日本了。燃油发动机确实国产的不行,2026.04.20,山西,50.0,,30,强势|观众,强势,观众,10,强势成功,4
69da7e87000000001a03484e,"今晚的亦庄机器人马拉松测试

",,8169.0,2,69e43a95000000001401c805,69e42853000000001401cc00,5c479526000000001000647b,科技发展啊，双腿更容易应对复杂地形啊。,2026.04.19,江苏,48.0,,19,强势|观众,强势,观众,7,强势成功,4
69e481e8000000002003ad94,"

",,,1,69e49a5c000000001401ac0a,,69c3cf2b0000000032035570,我有个疑问…换轮子不是更快吗,2026.04.19,山东,43.0,97.0,14,强势|服务者,强势,服务者,3,强势成功,4
69e481e8000000002003ad94,"

",,,2,69e49b90000000001401e420,69e49a5c000000001401ac0a,6270b7350000000021027c0b,那飞起来是不是更快[doge],2026.04.19,江西,42.0,,15,强势|服务者,强势,服务者,4,强势成功,4
69e48341000000001a02d0c4,"机器人马拉松，我们看乐了，西方人看破防了🤣

",3931.0,1022.0,2,69e49b2a000000001401cc25,69e49ab00000000014018801,60155f3c00000000010015da,不可以，必须两足，身高75至180cm,2026.04.19,北京,38.0,,19,强势|观众,强势,观众,5,强势成功,4
69da7e87000000001a03484e,"今晚的亦庄机器人马拉松测试

",,8169.0,2,69db153b0000000035030d86,69daf96f0000000015001390,5ccbe39c0000000012015b14,所以轮子没办法爬山和爬楼梯，也没办法原地在复杂地面原地掉头，但是你可以,2026.04.12,北京,36.0,,35,强势|观众,强势,观众,10,强势成功,4
69da7e87000000001a03484e,"今晚的亦庄机器人马拉松测试

",,8169.0,2,69db1b7b0000000035023894,69db1b05000000003503073f,61018355000000000101dcf1,因为跑步只是它的用处之一，不是全部，不然开车更快喽,2026.04.12,上海,35.0,,25,强势|观众,强势,观众,8,强势成功,4
69da7e87000000001a03484e,"今晚的亦庄机器人马拉松测试

",,8169.0,2,69dafed90000000002035a3a,69dafe15000000000d03e54c,5e1c6604000000000100afe4,有的是中年人被带节奏，有的是湾湾网军发力。汽车已经发展了一两百年，20年前也还是土土的样子，哪有一蹴而就的,2026.04.12,福建,34.0,,53,强势|观众,强势,观众,16,强势成功,4
69e481e8000000002003ad94,"

",,,2,69e49b14000000001401d807,69e4962e000000001401b006,646af215000000002a00a44c,赛车伺候的人更多,2026.04.19,江苏,33.0,,8,强势|服务者,强势,服务者,4,强势成功,4
69e48341000000001a02d0c4,"机器人马拉松，我们看乐了，西方人看破防了🤣

",3931.0,1022.0,1,69e57a210000000014018c0e,,5b0eeb894eacab0930abf4d7,统一的话术: 装个轮子不行么？ 还是遥控的！  为什么不去替代危险工作，搞这些没意义的！  [doge][doge][doge][doge][doge],2026.04.20,广东,30.0,8.0,76,强势|观众,强势,观众,13,强势成功,4
69da7e87000000001a03484e,"今晚的亦庄机器人马拉松测试

",,8169.0,2,69db24ef000000000d03f379,69db1b05000000003503073f,5bcf3158c478260001268ba8,恭喜您，发现了汽车[doge],2026.04.12,浙江,30.0,,15,强势|观众,强势,观众,3,强势成功,4
69e481e8000000002003ad94,"

",,,2,69e498380000000014019810,69e49731000000001401982b,5c9ce8d900000000110276df,1894年巴黎汽车赛的时候，有人质疑“发明汽车有什么意义？”所以你觉得意义是什么呢,2026.04.19,浙江,29.0,,41,强势|服务者,强势,服务者,9,强势成功,4
69e44278000000001a0217bb,"机器人超过我的瞬间

",6019.0,372.0,1,69e47b6f000000001401940b,,640eef5400000000290130ae,你去超过它儿子[嘻嘻R],2026.04.19,浙江,1394.0,42.0,12,强势|被超越者,强势,被超越者,2,强势成功,5
69e48341000000001a02d0c4,"机器人马拉松，我们看乐了，西方人看破防了🤣

",3931.0,1022.0,1,69e4a930000000001401a020,,6482e7ab000000001003558b,我已经预见到我老了将会有一个人形机器人推着轮椅带着伞啊外套啊保温壶、小点心、我的降压药什么的，陪我去公园散步。根本不敢指望我儿子,2026.04.19,福建,927.0,85.0,64,强势|观众,强势,观众,14,强势成功,5
69e4551e000000001f005895,"荣耀机器人赢麻了🤖我觉得它表情在嘲讽我

",,816.0,2,69e49a8a0000000014018c38,69e48d160000000014018c1b,6695ac4a000000000f0344e4,您好这位AI，我可没说过AI的坏话，都是他们说的,2026.04.19,辽宁,746.0,,24,强势|被超越者,强势,被超越者,5,强势成功,5
69e481e8000000002003ad94,"

",,,2,69e49a6d000000001401dc13,69e4962e000000001401b006,672db15d000000001c01b149,为了让你发出这条评论，也有很多工程师在伺候平台服务器、通讯基站、手机制造、程序编辑~~~,2026.04.19,广东,612.0,,44,强势|服务者,强势,服务者,15,强势成功,5
69e46730000000001d0199c8,"

",,761.0,2,69e4b771000000001401b807,69e4b56c000000001401e82f,64834b9e000000000f00764d,是的，核电站只是个热水壶，原子弹只是个摔炮，导弹也只是个窜天猴,2026.04.19,广东,584.0,,31,强势|观众,强势,观众,8,强势成功,5
69e481e8000000002003ad94,"

",,,2,69e58662000000001401a805,69e5841a000000001401d81f,5bb3293a3b41e5000166bf7a,这岗位轮不到你干[doge][doge]看似维护，实则是年入大几十万的高科技人才[doge][doge],2026.04.20,湖北,518.0,,52,强势|服务者,强势,服务者,8,强势成功,5
69e481e8000000002003ad94,"

",,,2,69e71e44000000001401a023,69e71b47000000001401ac15,5c580827000000001103107a,打仗时候可以绑炸弹冲在前面，火场救援，灾区救援,2026.04.21,河南,290.0,,23,强势|服务者,强势,服务者,7,强势成功,5
69e4551e000000001f005895,"荣耀机器人赢麻了🤖我觉得它表情在嘲讽我

",,816.0,1,69e48fe70000000014018c0f,,5d4023b2000000001203aeda,机器人：碳基生物真是太菜了[偷笑R],2026.04.19,上海,271.0,7.0,18,强势|被超越者,强势,被超越者,3,强势成功,5
69e481e8000000002003ad94,"

",,,2,69e493050000000014019008,69e490ae000000001401d42a,67fb1389000000000e011fa0,为巷战、为丛林战做准备。,2026.04.19,湖南,217.0,,12,强势|服务者,强势,服务者,3,强势成功,5
69da7e87000000001a03484e,"今晚的亦庄机器人马拉松测试

",,8169.0,2,69daf0f40000000015002f15,69daef940000000001007f78,61ecfe1f000000002102a5e5,去月球和火星上建基地需要这玩意儿,2026.04.12,北京,214.0,,16,强势|观众,强势,观众,6,强势成功,5
69e48341000000001a02d0c4,"机器人马拉松，我们看乐了，西方人看破防了🤣

",3931.0,1022.0,2,69e4ee77000000001401cc04,69e4e615000000001401a40c,5f4d015f000000000101ccb0,等我老了，这两个就扮演我孙子,2026.04.19,广东,126.0,,14,强势|观众,强势,观众,3,强势成功,5
69e481e8000000002003ad94,"

",,,2,69e489a5000000001401c00d,69e487f9000000001401e425,5e26b206000000000100a5f8,这个这个 相信工程师吧 肯定各种可能都测试过了 目前的最优解,2026.04.19,浙江,119.0,,30,强势|服务者,强势,服务者,7,强势成功,5
69e4551e000000001f005895,"荣耀机器人赢麻了🤖我觉得它表情在嘲讽我

",,816.0,1,69e4c0ce000000001401980e,,60fc0523000000002002fa5a,这玩意加个强化外壳，装上遥控炸药，想拦住不太容易呀[笑哭R],2026.04.19,辽宁,93.0,7.0,30,强势|被超越者,强势,被超越者,9,强势成功,5
69e48341000000001a02d0c4,"机器人马拉松，我们看乐了，西方人看破防了🤣

",3931.0,1022.0,2,69e4f3000000000014018823,69e4e615000000001401a40c,5cb34ed1000000001703e238,那挺好，比孙子便宜了,2026.04.19,北京,92.0,,10,强势|观众,强势,观众,2,强势成功,5
69da7e87000000001a03484e,"今晚的亦庄机器人马拉松测试

",,8169.0,1,69db0fce0000000015005918,,62d827ae0000000002001e7e,可以用于灾害救援啊这个,2026.04.12,广东,91.0,34.0,11,强势|观众,强势,观众,3,强势成功,5
69e481e8000000002003ad94,"

",,,1,69e6a9d00000000014019c03,,67919877000000000e011c35,本意替代人工，现在要三个人给他服务[捂脸R],2026.04.21,山东,85.0,34.0,22,强势|服务者,强势,服务者,6,强势成功,5
69e481e8000000002003ad94,"

",,,2,69e72678000000001401d80c,69e71b47000000001401ac15,5c663419000000001100d467,自由遐想一下战争前线突然窜出来这个东西，身上全是热武器冲你过来 你开了几枪也拦不住......[石化R],2026.04.21,陕西,83.0,,52,强势|服务者,强势,服务者,13,强势成功,5
69e4551e000000001f005895,"荣耀机器人赢麻了🤖我觉得它表情在嘲讽我

",,816.0,2,69e4ae00000000001401cc11,69e48fe70000000014018c0f,607d518b000000000100a188,2小时后，碳基生物：你们硅基生物续航这块还得练,2026.04.19,越南,79.0,,23,强势|被超越者,强势,被超越者,5,强势成功,5
69da7e87000000001a03484e,"今晚的亦庄机器人马拉松测试

",,8169.0,2,69db0fe10000000014009cfb,69db0fce0000000015005918,62d827ae0000000002001e7e,从火场里救人，咻咻咻的就跑出来了,2026.04.12,广东,63.0,,16,强势|观众,强势,观众,3,强势成功,5
69e4551e000000001f005895,"荣耀机器人赢麻了🤖我觉得它表情在嘲讽我

",,816.0,2,69e49df6000000001401d414,69e48d160000000014018c1b,6221c1a10000000010007f00,[doge]ai你好，我是人类,2026.04.19,广东,62.0,,15,强势|被超越者,强势,被超越者,3,强势成功,5
69e4551e000000001f005895,"荣耀机器人赢麻了🤖我觉得它表情在嘲讽我

",,816.0,2,69e4998e000000001401dc16,69e48d160000000014018c1b,645886ad000000001f03039a,在战场上不需要跑死，只要接近就完犊子了[捂脸R],2026.04.19,辽宁,61.0,,24,强势|被超越者,强势,被超越者,5,强势成功,5
69e481e8000000002003ad94,"

",,,2,69e5776f000000001401d408,69e571d9000000001401c009,5eccc46e0000000001002848,当他拿起枪保护你，炸掉对方时你就觉得都值得,2026.04.20,海南,61.0,,21,强势|服务者,强势,服务者,5,强势成功,5
69e481e8000000002003ad94,"

",,,2,69e584f3000000001401b809,69e5841a000000001401d81f,642ce676000000000801849b,打仗就能少死三个人了[点赞R],2026.04.20,湖南,59.0,,15,强势|服务者,强势,服务者,3,强势成功,5
69e481e8000000002003ad94,"

",,,2,69e48b2a000000002b025c20,69e48a260000000014018c20,5fb2fc5f00000000010057d1,电磁感应发明的时候老太婆在台下说：这有什么用,2026.04.19,加拿大,57.0,,22,强势|服务者,强势,服务者,5,强势成功,5
69da7e87000000001a03484e,"今晚的亦庄机器人马拉松测试

",,8169.0,1,69db12970000000035018b53,,61efc8f500000000210240ff,这nb了 这要是上战场了…,2026.04.12,北京,54.0,19.0,13,强势|观众,强势,观众,3,强势成功,5
69e48341000000001a02d0c4,"机器人马拉松，我们看乐了，西方人看破防了🤣

",3931.0,1022.0,2,69e4ae010000000014013c07,69e4a930000000001401a020,650651d40000000012005a70,[色色R]机器人管家是我从小想到大的场景，在我变老之前希望能进化出来,2026.04.19,广东,54.0,,34,强势|观众,强势,观众,9,强势成功,5
69da7e87000000001a03484e,"今晚的亦庄机器人马拉松测试

",,8169.0,1,69daeb6f0000000001006d56,,64433aff0000000012036494,他们应该一人被一个送餐箱去送餐看谁快[doge],2026.04.12,北京,53.0,2.0,24,强势|观众,强势,观众,3,强势成功,5
69e481e8000000002003ad94,"

",,,2,69e4f5c9000000001401e00b,69e4e7de000000001401ac21,603c6eed0000000001008af7,冷知识，发电机刚发明的时候需要一只手摇才能点亮一个灯泡，被当年和你一样聪明的人好顿嘲笑,2026.04.19,北京,45.0,,43,强势|服务者,强势,服务者,15,强势成功,5
69da7e87000000001a03484e,"今晚的亦庄机器人马拉松测试

",,8169.0,1,69dae3ac0000000001004268,,5edcdb08000000000100384c,能洗碗 护理老人吗,2026.04.12,北京,38.0,39.0,9,强势|观众,强势,观众,3,强势成功,5
69e44278000000001a0217bb,"机器人超过我的瞬间

",6019.0,372.0,2,69e4801b000000001401dc2d,69e4573a000000001401a417,5c987c990000000016025530,你们都是伟大的人类,2026.04.19,江苏,37.0,,9,强势|被超越者,强势,被超越者,2,强势成功,5
69e447d2000000001d01aa01,"当算法有了腿，程序员万万没想到……

",,2912.0,1,69e44e85000000001401a404,,626c1e4b00000000210298d0,三公里就得换一个程序员,2026.04.19,陕西,1848.0,53.0,11,强势|服务者,强势,服务者,2,强势成功,6
69e447d2000000001d01aa01,"当算法有了腿，程序员万万没想到……

",,2912.0,2,69e450ed000000001401e814,69e44a84000000001401b822,5b602d14f7e8b9063b691965,这是一个梗 程序和程序员有一个能跑就行[偷笑R],2026.04.19,广东,903.0,,24,强势|服务者,强势,服务者,2,强势成功,6
69e447d2000000001d01aa01,"当算法有了腿，程序员万万没想到……

",,2912.0,1,69e49ed0000000001401cc3e,,5eb9f4a60000000001005b8a,咱就不能给程序员配个八嘎车，一个开车追，一个改bug[笑哭R],2026.04.19,浙江,328.0,15.0,31,强势|服务者,强势,服务者,5,强势成功,6
69e447d2000000001d01aa01,"当算法有了腿，程序员万万没想到……

",,2912.0,2,69e45147000000001401e81f,69e44e85000000001401a404,5ade4bd811be1034a8a0d93e,就跑最后200米，前面坐车跟着的,2026.04.19,北京,189.0,,16,强势|服务者,强势,服务者,5,强势成功,6
69e463df000000001b003017,"

",3270.0,219.0,2,69e5b1e0000000001401ac13,69e5af30000000001401a00f,5ce9329d00000000160281b1,遥控的要加时间，加权后才是最终成绩,2026.04.20,河南,118.0,,17,强势|服务者,强势,服务者,6,强势成功,6
69e481e8000000002003ad94,"

",,,2,69e4a89d000000001401cc35,69e4a81a000000001401e809,5fddd3ba000000000100a547,可是，程序员也在跑着呐[偷笑R],2026.04.19,江苏,109.0,,16,强势|服务者,强势,服务者,2,强势成功,6
69e447d2000000001d01aa01,"当算法有了腿，程序员万万没想到……

",,2912.0,2,69e5ec700000000014019c1f,69e49549000000001401902c,5eb9567e000000000100057e,物理跟紧这个项目,2026.04.20,四川,109.0,,8,强势|服务者,强势,服务者,3,强势成功,6
69e447d2000000001d01aa01,"当算法有了腿，程序员万万没想到……

",,2912.0,2,69e5ccf7000000001401ac05,69e49549000000001401902c,5fc6d13b0000000001004553,对程序猿最严厉的爱[笑哭R][笑哭R][笑哭R],2026.04.20,安徽,104.0,,24,强势|服务者,强势,服务者,2,强势成功,6
69e447d2000000001d01aa01,"当算法有了腿，程序员万万没想到……

",,2912.0,1,69e45c21000000001401e00b,,5ecfc52b000000000100041b,以后录用：体力怎么样,2026.04.19,北京,94.0,5.0,10,强势|服务者,强势,服务者,3,强势成功,6
69da7e87000000001a03484e,"今晚的亦庄机器人马拉松测试

",,8169.0,2,69dabac4000000000d037827,69dab64a0000000016015dcc,5f8804fb000000000100921c,今年分组别，自主导航组和遥控组，速度也都提升很大。,2026.04.12,美国,86.0,,25,强势|观众,强势,观众,9,强势成功,6
69da7e87000000001a03484e,"今晚的亦庄机器人马拉松测试

",,8169.0,1,69dafb65000000001500583a,,623e891c000000001000eccd,今年不用选体能好的程序员跟跑了，因为体能再好都跟不上了,2026.04.12,江苏,80.0,6.0,27,强势|观众,强势,观众,7,强势成功,6
69e463df000000001b003017,"

",3270.0,219.0,1,69e5af30000000001401a00f,,5ffdda72000000000100a6c6,竟然是自主的夺冠了，遥控的怎么会输给自主[捂脸R],2026.04.20,山西,75.0,7.0,25,强势|服务者,强势,服务者,6,强势成功,6
69e447d2000000001d01aa01,"当算法有了腿，程序员万万没想到……

",,2912.0,2,69e453c6000000001401c81a,69e44e85000000001401a404,588b548a3460945d4c535d82,很费程序员,2026.04.19,上海,70.0,,5,强势|服务者,强势,服务者,2,强势成功,6
69e447d2000000001d01aa01,"当算法有了腿，程序员万万没想到……

",,2912.0,2,69e45b71000000001401ac00,69e44a84000000001401b822,604d8387000000000100a4db,技术宅再也宅不了了，各个都得会跑马[偷笑R],2026.04.19,湖南,65.0,,22,强势|服务者,强势,服务者,5,强势成功,6
69e481e8000000002003ad94,"

",,,2,69e48b8d000000001401c421,69e48adf000000001401b835,6672635e000000000d0257d0,这个前面的标签写的很清楚，是自主的。不是遥控。,2026.04.19,北京,63.0,,23,强势|服务者,强势,服务者,5,强势成功,6
69e447d2000000001d01aa01,"当算法有了腿，程序员万万没想到……

",,2912.0,1,69e4728f000000001401ac1e,,5ab3765ee8ac2b04099bb6d1,肯定不是程序员，程序员头发没这么飘逸,2026.04.19,河北,57.0,9.0,18,强势|服务者,强势,服务者,5,强势成功,6
69e4551e000000001f005895,"荣耀机器人赢麻了🤖我觉得它表情在嘲讽我

",,816.0,1,69e5aeb9000000001401a81c,,5a7db0bee8ac2b2e33be5fe8,这一车是程序员么,2026.04.20,江苏,54.0,4.0,8,强势|被超越者,强势,被超越者,2,强势成功,6
69e46730000000001d0199c8,"

",,761.0,1,69e4b56c000000001401e82f,,657c35cc0000000020035899,也就是遥控玩具吧,2026.04.19,陕西,51.0,35.0,8,强势|观众,强势,观众,2,强势成功,6
69e447d2000000001d01aa01,"当算法有了腿，程序员万万没想到……

",,2912.0,1,69e49e3f000000001401e021,,5b84f474a5ec3a00013ae177,程序员感觉一直很命苦的样子,2026.04.19,上海,50.0,2.0,13,强势|服务者,强势,服务者,4,强势成功,6
69e4412a000000002103883f,"荣耀闪电队-齐天大圣夺冠！

",3517.0,445.0,2,69e4763b000000001401d416,69e475840000000014019008,5c124415f7e8b957900d0ee5,有30％是自主跑的，70％是遥控的,2026.04.19,北京,47.0,,17,强势|观众,强势,观众,4,强势成功,6
69e447d2000000001d01aa01,"当算法有了腿，程序员万万没想到……

",,2912.0,2,69e47e46000000001401bc1e,69e47dbc000000001401bc0e,66fa4bb8000000000d0272b6,这次有40％不用跑，看腰部贴纸写了“自主”的就是。以后会越来越多，你可以关注具身智能话题。,2026.04.19,上海,45.0,,45,强势|服务者,强势,服务者,10,强势成功,6
69e4551e000000001f005895,"荣耀机器人赢麻了🤖我觉得它表情在嘲讽我

",,816.0,2,69e4a4c6000000001401dc17,69e47f9e0000000014018803,5ceab7c3000000001102d391,不是的，这个是自主的，前三都是这个外形自主的，用时最快的是50分多，摔了一下48分多的那个是这个外形遥控的，遥控的需要1.2倍加权算最终成绩,2026.04.19,山东,43.0,,70,强势|被超越者,强势,被超越者,19,强势成功,6
69e46730000000001d0199c8,"

",,761.0,2,69e4dd1d000000001401e433,69e4db8c000000001401b823,62319693000000001000c401,有自主的和遥控的两个类别,2026.04.19,山西,43.0,,12,强势|观众,强势,观众,4,强势成功,6
69e447d2000000001d01aa01,"当算法有了腿，程序员万万没想到……

",,2912.0,2,69e45c80000000001401c009,69e44a84000000001401b822,5acd2d924eacab611389ea10,关键是程序比程序员跑的快[偷笑R],2026.04.19,辽宁,41.0,,17,强势|服务者,强势,服务者,4,强势成功,6
69e447d2000000001d01aa01,"当算法有了腿，程序员万万没想到……

",,2912.0,2,69e457b4000000001401b037,69e44e85000000001401a404,5ff9b1d3000000000100b38d,可以搞一个程序员接力[微笑R],2026.04.19,重庆,41.0,,15,强势|服务者,强势,服务者,2,强势成功,6
69e447d2000000001d01aa01,"当算法有了腿，程序员万万没想到……

",,2912.0,1,69e45bfd0000000014019030,,54e5a9962e1d935fdf851715,没人说当程序猿要跑马拉松啊[石化R],2026.04.19,广东,40.0,4.0,18,强势|服务者,强势,服务者,4,强势成功,6
69e447d2000000001d01aa01,"当算法有了腿，程序员万万没想到……

",,2912.0,2,69e45c8b000000001401b833,69e45575000000001401e004,630603ee000000001200298b,今年马拉松有自主/无遥控组,2026.04.19,江苏,40.0,,13,强势|服务者,强势,服务者,4,强势成功,6
69e481e8000000002003ad94,"

",,,1,69e5babd0000000014019c1f,,61760afe000000001f03d228,完全非自主，就是大号遥控玩具🪀,2026.04.20,广东,39.0,21.0,15,强势|服务者,强势,服务者,5,强势成功,6
69e4551e000000001f005895,"荣耀机器人赢麻了🤖我觉得它表情在嘲讽我

",,816.0,2,69e5bf38000000001401a426,69e5aeb9000000001401a81c,608657f6000000000101e68f,裁判跟工程师。,2026.04.20,湖南,37.0,,7,强势|被超越者,强势,被超越者,2,强势成功,6
69e447d2000000001d01aa01,"当算法有了腿，程序员万万没想到……

",,2912.0,1,69e4b6d1000000001401c426,,5b13a8886b58b778cffd825f,好消息，代码能跑了[捂脸R],2026.04.19,北京,36.0,2.0,14,强势|服务者,强势,服务者,2,强势成功,6
