帖子id,帖子标题,帖子点赞数,帖子评论数,comment_level,comment_id,parent_comment_id,user_id,content,comment_time,location,like_count,reply_count,char_len,post_category,robot_status,human_role,effective_token_count,robot_status_group,topic,topic_prob
69db34bb000000001a0348ae,"机器人抢救现场

",4896.0,1198.0,1,69dc89b6000000000202b60b,,5cbfada9000000001603a627,机器人有医保吗,2026.04.13,浙江,15.0,3.0,7,失败|抢救者,失败,抢救者,2,失败,0,0.21066826521073062
69e2583b00000000230211ea,"

",,2406.0,1,69e45606000000001401bc04,,5bfb941625225900018d37d6,平账机器人？,2026.04.19,江苏,10.0,1.0,6,失败|抢救者,失败,抢救者,2,失败,0,0.21066826521073062
69da7e87000000001a03484e,"今晚的亦庄机器人马拉松测试

",,8169.0,1,69dae3b2000000000d03f7d4,,677a316b00000000180175ee,话说，以后中国足球队能派机器人去踢吗[偷笑R][偷笑R][偷笑R][偷笑R],2026.04.12,北京,9.0,2.0,38,强势|观众,强势,观众,3,强势成功,0,0.21066826521073062
69e2583b00000000230211ea,"

",,2406.0,2,69e2f812000000001401d81d,69e2f781000000001401880a,635c1478000000001802aabb,机器人别串,2026.04.18,云南,6.0,,5,失败|抢救者,失败,抢救者,2,失败,0,0.21066826521073062
69db34bb000000001a0348ae,"机器人抢救现场

",4896.0,1198.0,1,69dc9a60000000003501d64c,,670cdc18000000001e00ee6c,机器人🤖别闹了行不,2026.04.13,北京,5.0,0.0,9,失败|抢救者,失败,抢救者,2,失败,0,0.21066826521073062
69df625d0000000021005c63,"“扶我起来，我还能再跑10公里”

",,9992.0,1,69df952b000000001500a947,,643bfb7b000000000d019881,我买的机器人基要赔了吗,2026.04.15,江苏,5.0,2.0,11,失败|观众,失败,观众,2,失败,0,0.21066826521073062
69e48d54000000002102e178,"😭亦庄机器人半马最感人一幕

",,1589.0,1,69e4a340000000001401e405,,57e5c1836a6a69473eb75402,这是华北电力大学的机器人耶,2026.04.19,北京,4.0,0.0,13,弱势|保护者,弱势,保护者,2,弱势,0,0.21066826521073062
69da7e87000000001a03484e,"今晚的亦庄机器人马拉松测试

",,8169.0,2,69db04690000000016014218,69db02c8000000003501de1d,5ea3b5590000000001004228,你猜机器人为啥叫机器人,2026.04.12,浙江,4.0,,11,强势|观众,强势,观众,2,强势成功,0,0.21066826521073062
69e46730000000001d0199c8,"

",,761.0,2,69e563a2000000001401cc09,69e562600000000014019009,5e107bd4000000000100708c,总共有三百多个机器人,2026.04.20,北京,3.0,,10,强势|观众,强势,观众,3,强势成功,0,0.21066826521073062
69da7e87000000001a03484e,"今晚的亦庄机器人马拉松测试

",,8169.0,1,69dbbeac000000001500ba51,,613892e50000000002026074,陆军各集团军合成旅空降兵军合成旅海军陆战队合成旅都可以编成一个机器人营！,2026.04.12,浙江,2.0,0.0,36,强势|观众,强势,观众,10,强势成功,0,0.21066826521073062
69df625d0000000021005c63,"“扶我起来，我还能再跑10公里”

",,9992.0,1,69df9f06000000003500d003,,566d46fe6a6a693ce0a2f00c,以后会不会说笑机器人是很不人道的[笑哭R],2026.04.15,广东,2.0,0.0,21,失败|观众,失败,观众,2,失败,0,0.21066826521073062
69e48341000000001a02d0c4,"机器人马拉松，我们看乐了，西方人看破防了🤣

",3931.0,1022.0,1,69e49c53000000001401c813,,6787a614000000000801f200,我们卷我们的机器人，它们打它们的侵略仗…[微笑R][微笑R][微笑R],2026.04.19,浙江,2.0,0.0,35,强势|观众,强势,观众,2,强势成功,0,0.21066826521073062
69e429b4000000001b00037a,"张杰演唱会机器人来参加半马了？？

",,2026.0,1,69e441a2000000001401c412,,57394ea4aed7587ff379db63,还是个社牛机器人[笑哭R],2026.04.19,河北,2.0,0.0,13,常态|观众,常态,观众,2,常态,0,0.21066826521073062
69e429b4000000001b00037a,"张杰演唱会机器人来参加半马了？？

",,2026.0,1,69e43d90000000001401b80c,,644ec64f0000000012035874,这副机器人不着调[失望R],2026.04.19,吉林,2.0,0.0,13,常态|观众,常态,观众,2,常态,0,0.21066826521073062
69db34bb000000001a0348ae,"机器人抢救现场

",4896.0,1198.0,2,69def67400000000350130bb,69dcbf41000000000203506c,5b825f93f25aeb000105b155,机器人老了怎门办！,2026.04.15,北京,2.0,,9,失败|抢救者,失败,抢救者,2,失败,0,0.21066826521073062
69da7e87000000001a03484e,"今晚的亦庄机器人马拉松测试

",,8169.0,2,69daf3a7000000003500ccff,69daf2f8000000000d03494e,5c138faf49cf5900014b6908,机器人：力大砖飞[坏笑R],2026.04.12,陕西,2.0,,13,强势|观众,强势,观众,2,强势成功,0,0.21066826521073062
69e44278000000001a0217bb,"机器人超过我的瞬间

",6019.0,372.0,1,69e58b130000000014018008,,5c8761120000000011007157,这个银色的机器人太赞了[赞R],2026.04.20,山东,1.0,0.0,15,强势|被超越者,强势,被超越者,3,强势成功,0,0.21066826521073062
69e2583b00000000230211ea,"

",,2406.0,1,69e2ea05000000001401c421,,601e0da500000000010089d4,这就是满网吹爆的机器人吗,2026.04.18,黑龙江,1.0,0.0,12,失败|抢救者,失败,抢救者,2,失败,0,0.21066826521073062
69e47f8f000000001f007203,"2026年机器人马拉松状态，五年后再看🤣

",,5834.0,1,69e73a0f000000001401d42c,,60ee58fa0000000001017393,怎么还有机器人会饭撒的[笑哭R],2026.04.21,四川,1.0,0.0,16,混合|观众,混合,观众,2,,0,0.21066826521073062
69e481e8000000002003ad94,"

",,,1,69e4a181000000001401bc1b,,6007d4dc0000000001008ea8,这个机器人又高又乖，太帅了[点赞R],2026.04.19,广东,1.0,0.0,18,强势|服务者,强势,服务者,2,强势成功,0,0.21066826521073062
69e481e8000000002003ad94,"

",,,1,69e56d64000000001401c405,,641a67e00000000012013cbe,感觉机器人好笨,2026.04.20,韩国,1.0,0.0,7,强势|服务者,强势,服务者,2,强势成功,0,0.21066826521073062
69e43a5a000000001d01dcc7,"机器人嘲讽同伴

",1966.0,167.0,1,69e462f30000000014018c1b,,65223db40000000024017c43,机器人加啥油[失望R],2026.04.19,浙江,1.0,0.0,11,常态|观众,常态,观众,2,常态,0,0.21066826521073062
69e447d2000000001d01aa01,"当算法有了腿，程序员万万没想到……

",,2912.0,1,69e4881b0000000014018812,,5e68dc85000000000100be97,机器人说少管我[笑哭R][笑哭R][笑哭R],2026.04.19,安徽,1.0,0.0,22,强势|服务者,强势,服务者,2,强势成功,0,0.21066826521073062
69e447d2000000001d01aa01,"当算法有了腿，程序员万万没想到……

",,2912.0,1,69e4720a000000001401bc27,,678b1dc8000000000e01e3b2,骑上另一个机器人追啊[同款R][笑哭了R],2026.04.19,广东,1.0,0.0,21,强势|服务者,强势,服务者,2,强势成功,0,0.21066826521073062
69e46730000000001d0199c8,"

",,761.0,1,69e49953000000001401c826,,5658b4ee6a6a69464086d403,那个胸脯子放个主机箱的机器人太潦草了吧,2026.04.19,北京,1.0,0.0,19,强势|观众,强势,观众,5,强势成功,0,0.21066826521073062
69e48b0b000000001a02578c,"北京马拉松机器人中暑了🥵

",3334.0,467.0,1,69eae3fd0000000014018826,,5bbca207cb2cc70001289d10,大炼机器人,2026.04.24,北京,1.0,0.0,5,失败|服务者,失败,服务者,2,失败,0,0.21066826521073062
69e429b4000000001b00037a,"张杰演唱会机器人来参加半马了？？

",,2026.0,1,69e45a82000000001401bc1a,,5485987be77989720886d16b,Mbti里的：E型机器人[偷笑R],2026.04.19,北京,1.0,0.0,17,常态|观众,常态,观众,2,常态,0,0.21066826521073062
69e429b4000000001b00037a,"张杰演唱会机器人来参加半马了？？

",,2026.0,1,69e44dc50000000014019003,,5b50ada1e8ac2b47ea37fef0,照着向佐做的机器人啊,2026.04.19,陕西,1.0,0.0,10,常态|观众,常态,观众,2,常态,0,0.21066826521073062
69da7e87000000001a03484e,"今晚的亦庄机器人马拉松测试

",,8169.0,2,69db1ec0000000000d03c1a8,69db07d900000000020368d2,60f1747800000000010051bf,机器人：我也是太难了,2026.04.12,浙江,1.0,,10,强势|观众,强势,观众,2,强势成功,0,0.21066826521073062
69da7e87000000001a03484e,"今晚的亦庄机器人马拉松测试

",,8169.0,2,69db0a6b0000000035027afc,69db09ea0000000035017942,60db32f60000000001001954,有四足机器人啊,2026.04.12,宁夏,1.0,,7,强势|观众,强势,观众,2,强势成功,0,0.21066826521073062
69df625d0000000021005c63,"“扶我起来，我还能再跑10公里”

",,9992.0,2,69df9ad30000000002029d07,69df971b00000000350151b3,568ba97e82ec392c302eae2e,然后徒手劈人了[石化R],2026.04.15,上海,234.0,,12,失败|观众,失败,观众,2,失败,1,0.24592575224689536
69da7e87000000001a03484e,"今晚的亦庄机器人马拉松测试

",,8169.0,2,69daf90f0000000002029489,69daf44c0000000002034816,66ee4847000000001d020ed1,敌视你的人，你做什么他都会挑毛病,2026.04.12,广东,2.0,,16,强势|观众,强势,观众,3,强势成功,1,0.24592575224689536
69db34bb000000001a0348ae,"机器人抢救现场

",4896.0,1198.0,2,69ddbc0a000000003502d307,69dcbdf40000000035014e3a,63c370200000000026010229,给我这个电子信息类的人看笑了[笑哭R],2026.04.14,浙江,1.0,,19,失败|抢救者,失败,抢救者,2,失败,1,0.24592575224689536
69e4551e000000001f005895,"荣耀机器人赢麻了🤖我觉得它表情在嘲讽我

",,816.0,1,69e496a00000000014019000,,5f2bd0de0000000001001bdf,这不像人啊,2026.04.19,福建,0.0,0.0,5,强势|被超越者,强势,被超越者,2,强势成功,1,0.24592575224689536
69e4426b000000001d01c7ed,"一个大的一个小的一个废的

",,7334.0,1,69e46655000000001401901c,,5b5ebdf54eacab4278d10d1c,看的人惊心动魄啊,2026.04.19,浙江,0.0,0.0,8,混合|观众,混合,观众,2,,1,0.24592575224689536
69da7e87000000001a03484e,"今晚的亦庄机器人马拉松测试

",,8169.0,1,69db99f40000000016015da9,,5da7f108000000000100a832,[扶墙R]让人惊叹啊[赞R][赞R],2026.04.12,河南,0.0,0.0,18,强势|观众,强势,观众,2,强势成功,1,0.24592575224689536
69da7e87000000001a03484e,"今晚的亦庄机器人马拉松测试

",,8169.0,1,69daf6a6000000000d035d67,,5a9690ade8ac2b0f1f388495,会创死人吗？,2026.04.12,重庆,0.0,0.0,6,强势|观众,强势,观众,2,强势成功,1,0.24592575224689536
69e6f2bc0000000023005345,"🍼机器人第一视角，好多人呀

",,687.0,1,69e741f2000000001401a405,,5f8b270f000000000101cfdc,约德尔人,2026.04.21,广东,0.0,0.0,4,弱势|观众,弱势,观众,2,弱势,1,0.24592575224689536
69e481e8000000002003ad94,"

",,,1,69e6f61e000000001401e80e,,5cb9c02100000000110091de,其實是人在比賽呀[大笑R][大笑R][大笑R],2026.04.21,中国香港,0.0,0.0,23,强势|服务者,强势,服务者,3,强势成功,1,0.24592575224689536
69e481e8000000002003ad94,"

",,,1,69e4a17c0000000014019006,,56f5b85784edcd44ac85587d,遛人啊，一窝蜂,2026.04.19,上海,0.0,0.0,7,强势|服务者,强势,服务者,2,强势成功,1,0.24592575224689536
69e481e8000000002003ad94,"

",,,1,69e492fc000000001401e021,,5dc14eb80000000001002e8e,人啦 会晃,2026.04.19,四川,0.0,0.0,5,强势|服务者,强势,服务者,2,强势成功,1,0.24592575224689536
69df625d0000000021005c63,"“扶我起来，我还能再跑10公里”

",,9992.0,1,69e0675a00000000020358f1,,5dcfb5120000000001000755,真踏马笑人,2026.04.16,四川,0.0,0.0,5,失败|观众,失败,观众,2,失败,1,0.24592575224689536
69e46730000000001d0199c8,"

",,761.0,1,69e7e57b0000000014019c00,,677fdcd3000000000803f288,你这一听就是拼豆人,2026.04.22,上海,0.0,0.0,9,强势|观众,强势,观众,2,强势成功,1,0.24592575224689536
69e481e8000000002003ad94,"

",,,2,69e49f37000000001401b817,69e490ae000000001401d42a,5cd5305e0000000010032a01,让人无路可逃[笑哭R],2026.04.19,广东,0.0,,11,强势|服务者,强势,服务者,2,强势成功,1,0.24592575224689536
69e59e520000000022027a90,"花田里犯了错|机器人马拉松正赛搞笑赏析

",,2593.0,2,69e873e9000000001401e018,69e873b6000000001401e028,5929b27a50c4b4624757da87,[doge]闯了祸还有人给他扫尾，真幸福,2026.04.22,安徽,0.0,,20,弱势|观众,弱势,观众,3,弱势,1,0.24592575224689536
69e47f8f000000001f007203,"2026年机器人马拉松状态，五年后再看🤣

",,5834.0,2,69e55e7b000000001401e40c,69e55d77000000001401bc0e,5e582f5900000000010087e9,机器人也是人[大笑R],2026.04.20,江苏,634.0,,11,混合|观众,混合,观众,2,,1,0.1980724292085831
69e2583b00000000230211ea,"

",,2406.0,1,69e43b0f000000001401e428,,60c4baee0000000001001eb3,人走着走着就散了，机器人走着走着就散了。,2026.04.19,江苏,0.0,0.0,20,失败|抢救者,失败,抢救者,2,失败,1,0.1980724292085831
69e481e8000000002003ad94,"

",,,1,69e8577a0000000014018c18,,5e1b2aa10000000001009a3b,机器人遛人？,2026.04.22,湖北,0.0,0.0,6,强势|服务者,强势,服务者,2,强势成功,1,0.1980724292085831
69e481e8000000002003ad94,"

",,,1,69e5aa1b000000001401e029,,55802fa167bc654208b24c90,遛人还是溜机器人？,2026.04.20,内蒙古,0.0,0.0,9,强势|服务者,强势,服务者,2,强势成功,1,0.1980724292085831
69e481e8000000002003ad94,"

",,,1,69e4a653000000001401ac33,,64ad7ba5000000001c02b889,这个机器人跑姿最像人了,2026.04.19,广东,0.0,0.0,11,强势|服务者,强势,服务者,2,强势成功,1,0.1980724292085831
69e4426b000000001d01c7ed,"一个大的一个小的一个废的

",,7334.0,2,69e49bde000000001401ac01,69e459f2000000001401bc38,6543008c00000000300311f1,机器人就不是人吗[偷笑R],2026.04.19,广东,0.0,,13,混合|观众,混合,观众,2,,1,0.1980724292085831
69e2583b00000000230211ea,"

",,2406.0,2,69e78032000000001401bc03,69e2fc2d000000001401b82a,630c048a0000000012002a9e,机器人得像人呀,2026.04.21,天津,0.0,,7,失败|抢救者,失败,抢救者,2,失败,1,0.1980724292085831
69db34bb000000001a0348ae,"机器人抢救现场

",4896.0,1198.0,2,69dd79fd000000000c0331b2,69dcaff6000000001500acf0,5c7a73d2000000001102b2f8,机器人也是人[偷笑R][偷笑R],2026.04.14,福建,0.0,,16,失败|抢救者,失败,抢救者,2,失败,1,0.1980724292085831
69da7e87000000001a03484e,"今晚的亦庄机器人马拉松测试

",,8169.0,2,69db5e1d0000000014009b9e,69db06f4000000000d036c86,648e7a0e00000000110023bb,机器人也是人[doge],2026.04.12,北京,0.0,,12,强势|观众,强势,观众,2,强势成功,1,0.1980724292085831
69e47f8f000000001f007203,"2026年机器人马拉松状态，五年后再看🤣

",,5834.0,2,69e60e21000000001401ac18,69e55d77000000001401bc0e,65b4ee45000000000e027cef,机器人也是人[偷笑R],2026.04.20,江苏,0.0,,11,混合|观众,混合,观众,2,,1,0.1980724292085831
69e47f8f000000001f007203,"2026年机器人马拉松状态，五年后再看🤣

",,5834.0,2,69e69b1f0000000014018802,69e55d77000000001401bc0e,5b59d0a511be1043abd48686,机器人也是人！,2026.04.21,江苏,0.0,,7,混合|观众,混合,观众,2,,1,0.1980724292085831
69e47f8f000000001f007203,"2026年机器人马拉松状态，五年后再看🤣

",,5834.0,2,69e76700000000001401bc10,69e55d77000000001401bc0e,6895e0f70000000028010e64,机器人，也是人,2026.04.21,四川,0.0,,7,混合|观众,混合,观众,2,,1,0.1980724292085831
69e47f8f000000001f007203,"2026年机器人马拉松状态，五年后再看🤣

",,5834.0,2,69e84d31000000001401e02d,69e55d77000000001401bc0e,64207b230000000012011cef,谨防机器人撞人[微笑R],2026.04.22,广东,0.0,,12,混合|观众,混合,观众,3,,1,0.1980724292085831
69e47f8f000000001f007203,"2026年机器人马拉松状态，五年后再看🤣

",,5834.0,2,69eab87e000000001401c00d,69e55d77000000001401bc0e,61499fa40000000002024636,机器人也是人[满月R],2026.04.24,辽宁,0.0,,11,混合|观众,混合,观众,2,,1,0.1980724292085831
69e47f8f000000001f007203,"2026年机器人马拉松状态，五年后再看🤣

",,5834.0,2,69e642630000000014019020,69e60e02000000001401a418,5f3a034000000000010063ff,机器人也是人,2026.04.20,湖南,0.0,,6,混合|观众,混合,观众,2,,1,0.1980724292085831
69e4412a000000002103883f,"荣耀闪电队-齐天大圣夺冠！

",3517.0,445.0,2,69e46bed000000001401e020,69e46713000000001401e413,5c598221000000001801ab27,遥控要加时的,2026.04.19,辽宁,2.0,,6,强势|观众,强势,观众,2,强势成功,2,0.26493636620326316
69e481e8000000002003ad94,"

",,,1,69e49c9b000000001401e80b,,5bf1434af80b300001184c59,遥控玩的津津有味,2026.04.19,安徽,1.0,0.0,8,强势|服务者,强势,服务者,2,强势成功,2,0.26493636620326316
69e481e8000000002003ad94,"

",,,1,69e495790000000014018c0d,,6027ce5b000000000101f410,是遥控还是自己巡路？,2026.04.19,广东,1.0,1.0,10,强势|服务者,强势,服务者,2,强势成功,2,0.26493636620326316
69e447d2000000001d01aa01,"当算法有了腿，程序员万万没想到……

",,2912.0,1,69e49309000000001401bc19,,5b64b6cb6b58b770fc7a3221,遥控电子玩具,2026.04.19,浙江,1.0,0.0,6,强势|服务者,强势,服务者,2,强势成功,2,0.26493636620326316
69e481e8000000002003ad94,"

",,,1,69e49aeb000000001401981e,,635f2a7c000000001901d000,遥控先放一放[捂脸R],2026.04.19,福建,0.0,0.0,11,强势|服务者,强势,服务者,3,强势成功,2,0.26493636620326316
69e481e8000000002003ad94,"

",,,1,69e77e66000000001401c435,,56c7fbcd84edcd6cb524329b,有狗会说是遥控的吧？,2026.04.21,江苏,0.0,0.0,10,强势|服务者,强势,服务者,2,强势成功,2,0.26493636620326316
69e4412a000000002103883f,"荣耀闪电队-齐天大圣夺冠！

",3517.0,445.0,1,69e4ddd0000000001401cc21,,5b5de1bce8ac2b08ba158aeb,遥控组那俩跑的好淑女,2026.04.19,北京,0.0,0.0,10,强势|观众,强势,观众,3,强势成功,2,0.26493636620326316
69e429b4000000001b00037a,"张杰演唱会机器人来参加半马了？？

",,2026.0,1,69e45aca000000001401ac28,,59bfd511b1da14303f5ca8fd,这颗是遥控的？[偷笑R],2026.04.19,北京,0.0,0.0,12,常态|观众,常态,观众,2,常态,2,0.26493636620326316
69e40352000000002102fc75,"机器人马拉松现场第一视角看全部队伍

",,1160.0,2,69e4b6cd000000001401c40e,69e4b6b6000000001401c016,5e4ce1880000000001006339,还有遥控的，假装能自己动,2026.04.19,北京,0.0,,12,常态|服务者,常态,服务者,2,常态,2,0.26493636620326316
69e429b4000000001b00037a,"张杰演唱会机器人来参加半马了？？

",,2026.0,2,69e4c1ed000000001401d800,69e43784000000001401ac1c,58b91cd05e87e7091ec4fe66,哈哈哈，遥控de,2026.04.19,四川,0.0,,8,常态|观众,常态,观众,2,常态,2,0.26493636620326316
69e481e8000000002003ad94,"

",,,1,69e658bb000000001401c403,,5c4dea2100000000100326f4,这是遥控机器人,2026.04.21,上海,10.0,7.0,7,强势|服务者,强势,服务者,2,强势成功,2,0.22924362101470522
69e481e8000000002003ad94,"

",,,1,69e493f20000000014018c05,,678ce179000000000d009c14,这不还是遥控机器人吗？,2026.04.19,辽宁,6.0,13.0,11,强势|服务者,强势,服务者,2,强势成功,2,0.22924362101470522
69e481e8000000002003ad94,"

",,,1,69e79388000000001401ac21,,6147d39000000000020217a5,遥控机器人[笑哭R],2026.04.21,浙江,2.0,3.0,10,强势|服务者,强势,服务者,2,强势成功,2,0.22924362101470522
69e43b14000000001a02e095,"好萌的小黑仔跑马拉松

",,2760.0,1,69e46cf9000000001401bc04,,621f37350000000010008e83,遥控也算机器人？,2026.04.19,重庆,1.0,0.0,8,弱势|服务者,弱势,服务者,2,弱势,2,0.22924362101470522
69da7e87000000001a03484e,"今晚的亦庄机器人马拉松测试

",,8169.0,1,69dafaa4000000003500a3c6,,61948f9500000000210256f1,遥控机器人[偷笑R],2026.04.12,北京,0.0,5.0,10,强势|观众,强势,观众,2,强势成功,2,0.22924362101470522
69e47f8f000000001f007203,"2026年机器人马拉松状态，五年后再看🤣

",,5834.0,1,69e6c6bb000000001401a014,,5df9e5b70000000001009b92,都是遥控机器人,2026.04.21,山东,0.0,0.0,7,混合|观众,混合,观众,2,,2,0.22924362101470522
69e47f8f000000001f007203,"2026年机器人马拉松状态，五年后再看🤣

",,5834.0,1,69e60fc5000000001401d800,,60a607ae000000000100b18a,遥控机器人,2026.04.20,北京,0.0,0.0,5,混合|观众,混合,观众,2,,2,0.22924362101470522
69e481e8000000002003ad94,"

",,,1,69e87d05000000002b036eb5,,616fdde10000000002025352,还得遥控 这叫机器人吗。,2026.04.22,英国,0.0,0.0,12,强势|服务者,强势,服务者,2,强势成功,2,0.22924362101470522
69e481e8000000002003ad94,"

",,,1,69e70a26000000001401a80c,,5df77a92000000000100af39,遥控机器人[doge],2026.04.21,辽宁,0.0,0.0,11,强势|服务者,强势,服务者,2,强势成功,2,0.22924362101470522
69e481e8000000002003ad94,"

",,,1,69e7007b000000001401ac08,,5f982fb30000000001000fb5,遥控机器人[笑哭R][笑哭R][笑哭R],2026.04.21,海南,0.0,0.0,20,强势|服务者,强势,服务者,2,强势成功,2,0.22924362101470522
69e481e8000000002003ad94,"

",,,1,69e5f3910000000014019428,,6081d6df000000000100199d,遥控机器人啊[笑哭R] 。,2026.04.20,浙江,0.0,0.0,13,强势|服务者,强势,服务者,2,强势成功,2,0.22924362101470522
69e481e8000000002003ad94,"

",,,1,69e5b359000000001401a001,,61a79c0100000000100046b2,机器人是遥控的吧,2026.04.20,江苏,0.0,0.0,8,强势|服务者,强势,服务者,2,强势成功,2,0.22924362101470522
69e481e8000000002003ad94,"

",,,1,69e5ad85000000001401bc1f,,6017bb4c000000000101db57,遥控机器人[捂嘴笑R],2026.04.20,广东,0.0,0.0,11,强势|服务者,强势,服务者,2,强势成功,2,0.22924362101470522
69e481e8000000002003ad94,"

",,,1,69e4a122000000001401e414,,5e820f830000000001009020,这不是遥控的嘛，算啥机器人,2026.04.19,四川,0.0,0.0,13,强势|服务者,强势,服务者,2,强势成功,2,0.22924362101470522
69df625d0000000021005c63,"“扶我起来，我还能再跑10公里”

",,9992.0,1,69dfa7030000000016017b07,,5ff13348000000000101c46e,遥控害机器人啊！[偷笑R][偷笑R][偷笑R],2026.04.15,上海,0.0,0.0,23,失败|观众,失败,观众,2,失败,2,0.22924362101470522
69e481e8000000002003ad94,"

",,,2,69e48d77000000001401c01f,69e48cf30000000014018c28,55600248c2bdeb2494be1082,这不是遥控的，这是自主跑的,2026.04.19,北京,18.0,,13,强势|服务者,强势,服务者,2,强势成功,2,0.22632292713615007
69e447d2000000001d01aa01,"当算法有了腿，程序员万万没想到……

",,2912.0,2,69e4eb460000000014019003,69e4ace1000000001401b02e,61cc57d90000000021022c24,有自主有遥控,2026.04.19,福建,5.0,,6,强势|服务者,强势,服务者,2,强势成功,2,0.22632292713615007
69df625d0000000021005c63,"“扶我起来，我还能再跑10公里”

",,9992.0,2,69dfcab2000000003502aecb,69df98b4000000003500e5c5,56b0aec082ec395853ecb6de,有自主跑的，也有遥控的。,2026.04.16,广东,1.0,,12,失败|观众,失败,观众,2,失败,2,0.22632292713615007
69e4412a000000002103883f,"荣耀闪电队-齐天大圣夺冠！

",3517.0,445.0,2,69e47f15000000001401e427,69e47ebc0000000014019c19,5c124415f7e8b957900d0ee5,有自主的也有遥控的,2026.04.19,北京,1.0,,9,强势|观众,强势,观众,2,强势成功,2,0.22632292713615007
69e6f2bc0000000023005345,"🍼机器人第一视角，好多人呀

",,687.0,1,69e73a26000000001401ac1f,,60228f93000000000100034d,这是遥控的还是自主的呀,2026.04.21,上海,0.0,0.0,11,弱势|观众,弱势,观众,2,弱势,2,0.22632292713615007
69e42cc100000000220001ad,"机器人马拉松倒数第一名，萌翻了🤣🤣🤣

",,8501.0,2,69e50a8f000000001401cc07,69e505d8000000001401a409,5c6d71e10000000011018b1e,比拉布布还可爱[doge],2026.04.20,湖北,17.0,,13,弱势|观众,弱势,观众,2,弱势,3,0.28281977342068115
69e44278000000001a0217bb,"机器人超过我的瞬间

",6019.0,372.0,2,69e48d54000000001401e814,69e47b6f000000001401940b,65e3059e00000000050083b2,机宝可爱捏,2026.04.19,上海,10.0,,5,强势|被超越者,强势,被超越者,2,强势成功,3,0.28281977342068115
69e47f8f000000001f007203,"2026年机器人马拉松状态，五年后再看🤣

",,5834.0,1,69f5a933000000002702fdba,,5f1bd37c000000000100b33b,👇这个二娃可爱☺[笑哭了R],2026.05.02,上海,1.0,0.0,14,混合|观众,混合,观众,2,,3,0.28281977342068115
69e47f8f000000001f007203,"2026年机器人马拉松状态，五年后再看🤣

",,5834.0,1,69e56fb6000000001401a004,,6039f1b10000000001000f5e,这只好可爱,2026.04.20,重庆,1.0,0.0,5,混合|观众,混合,观众,2,,3,0.28281977342068115
69e42cc100000000220001ad,"机器人马拉松倒数第一名，萌翻了🤣🤣🤣

",,8501.0,2,69e5aff6000000001401a40b,69e505d8000000001401a409,6465001a0000000029016b2b,小弟弟可爱吗[doge],2026.04.20,江苏,1.0,,12,弱势|观众,弱势,观众,2,弱势,3,0.28281977342068115
69e42cc100000000220001ad,"机器人马拉松倒数第一名，萌翻了🤣🤣🤣

",,8501.0,1,69e84d17000000001401d80f,,5f52c5da00000000010040ab,没觉得可爱，但觉得蠢萌[笑哭R],2026.04.22,陕西,0.0,0.0,16,弱势|观众,弱势,观众,2,弱势,3,0.28281977342068115
69e47f8f000000001f007203,"2026年机器人马拉松状态，五年后再看🤣

",,5834.0,1,69e6ba54000000001401e416,,56f7fc8784edcd38818588a8,有点可爱是怎么回事儿呢,2026.04.21,辽宁,0.0,0.0,11,混合|观众,混合,观众,2,,3,0.28281977342068115
69e47f8f000000001f007203,"2026年机器人马拉松状态，五年后再看🤣

",,5834.0,1,69e57679000000001401d811,,5e45311e0000000001001683,这小尼哥跑的还挺可爱,2026.04.20,吉林,0.0,0.0,10,混合|观众,混合,观众,2,,3,0.28281977342068115
69e6f2bc0000000023005345,"🍼机器人第一视角，好多人呀

",,687.0,1,69e73d39000000001401e027,,664d9e6f0000000007006a23,好可爱呀呀呀[萌萌哒R],2026.04.21,上海,0.0,0.0,12,弱势|观众,弱势,观众,2,弱势,3,0.28281977342068115
69e6f2bc0000000023005345,"🍼机器人第一视角，好多人呀

",,687.0,1,69e72862000000001401e018,,55ada1845894460d176d9ec8,好可爱好可爱[皱眉R][皱眉R][皱眉R][皱眉R],2026.04.21,上海,0.0,0.0,26,弱势|观众,弱势,观众,2,弱势,3,0.28281977342068115
69e43b14000000001a02e095,"好萌的小黑仔跑马拉松

",,2760.0,1,69e48610000000001401c01e,,5bb661c3cb2cc700014a011b,可爱到要命,2026.04.19,湖南,0.0,0.0,5,弱势|服务者,弱势,服务者,2,弱势,3,0.28281977342068115
69e43b14000000001a02e095,"好萌的小黑仔跑马拉松

",,2760.0,1,69e45bc9000000001401b01e,,5fe35982000000000101c857,玛卡巴卡好可爱[哇R],2026.04.19,广东,0.0,0.0,11,弱势|服务者,弱势,服务者,3,弱势,3,0.28281977342068115
69e48341000000001a02d0c4,"机器人马拉松，我们看乐了，西方人看破防了🤣

",3931.0,1022.0,1,69e5a48e000000001401c019,,56dcfc1fb8ce1a666f7e64b0,两小只太可爱了,2026.04.20,上海,0.0,0.0,7,强势|观众,强势,观众,2,强势成功,3,0.28281977342068115
69e4426b000000001d01c7ed,"一个大的一个小的一个废的

",,7334.0,2,69e5905b000000001401bc0b,69e4d997000000001401a802,56580d7a9eb578409c1b6cfa,哈哈哈。还自己拿水瓶。好可爱呀,2026.04.20,上海,0.0,,15,混合|观众,混合,观众,2,,3,0.28281977342068115
69e4426b000000001d01c7ed,"一个大的一个小的一个废的

",,7334.0,2,69e467c0000000001401a413,69e4649b000000001401d400,6047550b0000000001004d3b,这个死掉的好可爱,2026.04.19,四川,0.0,,8,混合|观众,混合,观众,2,,3,0.28281977342068115
69e42cc100000000220001ad,"机器人马拉松倒数第一名，萌翻了🤣🤣🤣

",,8501.0,2,69e55f69000000001401dc0b,69e505d8000000001401a409,641052f000000000140131f0,毛毛虫还真挺可爱的,2026.04.20,湖南,0.0,,9,弱势|观众,弱势,观众,2,弱势,3,0.28281977342068115
69e42cc100000000220001ad,"机器人马拉松倒数第一名，萌翻了🤣🤣🤣

",,8501.0,2,69e70ea4000000001401e800,69e505d8000000001401a409,648ff6df00000000100376de,贫乳也挺可爱,2026.04.21,河北,0.0,,6,弱势|观众,弱势,观众,2,弱势,3,0.28281977342068115
69e42cc100000000220001ad,"机器人马拉松倒数第一名，萌翻了🤣🤣🤣

",,8501.0,2,69e5be6c000000001401bc2b,69e505d8000000001401a409,59b542b65e87e77e8088bb91,小三也可爱吗[暗中观察R],2026.04.20,广东,0.0,,13,弱势|观众,弱势,观众,2,弱势,3,0.28281977342068115
69e634590000000022003bb5,"每个马拉松机器人，都有自己的热血故事。

",,824.0,2,69e7072f0000000014019422,69e642c8000000001401e410,5f0b112e0000000001003d46,唔西迪西好可爱[偷笑R],2026.04.21,江苏,0.0,,12,常态|观众,常态,观众,2,常态,3,0.28281977342068115
69e6f2bc0000000023005345,"🍼机器人第一视角，好多人呀

",,687.0,1,69e74b2f0000000014019c0a,,64892e0d0000000025036e07,真的好可爱啊，越看越可爱。[害羞R],2026.04.21,浙江,1.0,0.0,18,弱势|观众,弱势,观众,3,弱势,3,0.2701692495340036
69e4426b000000001d01c7ed,"一个大的一个小的一个废的

",,7334.0,1,69e461d3000000001401b006,,61a0f81600000000100089aa,连机器人都是小的可爱[笑哭R],2026.04.19,山东,1.0,0.0,15,混合|观众,混合,观众,2,,3,0.2501196572387911
69e4426b000000001d01c7ed,"一个大的一个小的一个废的

",,7334.0,2,69e47f84000000001401dc04,69e461fb000000001401e82b,5968a0a26a6a6925a27e30ce,哈哈哈哈哈哈小的机器人好可爱啊,2026.04.19,广东,1.0,,15,混合|观众,混合,观众,2,,3,0.2501196572387911
69e42cc100000000220001ad,"机器人马拉松倒数第一名，萌翻了🤣🤣🤣

",,8501.0,1,69e4eb25000000001401c422,,6540545400000000300336f6,好可爱的机器人,2026.04.19,广东,0.0,0.0,7,弱势|观众,弱势,观众,2,弱势,3,0.2501196572387911
69e6f2bc0000000023005345,"🍼机器人第一视角，好多人呀

",,687.0,1,69e777de000000001401d834,,603aef850000000001006d83,最可爱的机器人[害羞R],2026.04.21,辽宁,0.0,0.0,12,弱势|观众,弱势,观众,2,弱势,3,0.2501196572387911
69e634590000000022003bb5,"每个马拉松机器人，都有自己的热血故事。

",,824.0,1,69e66641000000001401a80c,,59be1af344363b46b0e29694,很可爱的机器人,2026.04.21,重庆,0.0,0.0,7,常态|观众,常态,观众,2,常态,3,0.2501196572387911
69e42cc100000000220001ad,"机器人马拉松倒数第一名，萌翻了🤣🤣🤣

",,8501.0,2,69e5eff5000000001401c42b,69e4e894000000001401c41a,62f7a35c000000001e01ff00,这是看到最可爱的机器人了,2026.04.20,重庆,0.0,,12,弱势|观众,弱势,观众,2,弱势,3,0.2501196572387911
69e47f8f000000001f007203,"2026年机器人马拉松状态，五年后再看🤣

",,5834.0,2,69e82496000000001401dc20,69e746f00000000014013c06,5f01cb9c0000000001000b36,大的机器人不可爱,2026.04.22,浙江,0.0,,8,混合|观众,混合,观众,2,,3,0.2501196572387911
69e4426b000000001d01c7ed,"一个大的一个小的一个废的

",,7334.0,2,69e45bb0000000001401c014,69e459f2000000001401bc38,61fcfbcb0000000010005d66,真的诶，好可爱啊，心都化了,2026.04.19,北京,79.0,,13,混合|观众,混合,观众,3,,3,0.22682250258063144
69e6f2bc0000000023005345,"🍼机器人第一视角，好多人呀

",,687.0,1,69e77da2000000001401d426,,5f8ae1d8000000000100449c,这个真的太可爱了[偷笑R],2026.04.21,浙江,1.0,1.0,13,弱势|观众,弱势,观众,2,弱势,3,0.22682250258063144
69e6f2bc0000000023005345,"🍼机器人第一视角，好多人呀

",,687.0,1,69e754750000000014019c27,,57e91f7c6a6a695da5cea047,真的好可爱,2026.04.21,浙江,0.0,0.0,5,弱势|观众,弱势,观众,2,弱势,3,0.22682250258063144
69da7e87000000001a03484e,"今晚的亦庄机器人马拉松测试

",,8169.0,1,69db0fe6000000003502e0b4,,5b015788e8ac2b59a1901c4f,马拉松的意义是什么？,2026.04.12,广东,0.0,0.0,10,强势|观众,强势,观众,2,强势成功,4,0.24463575596083242
69e42cc100000000220001ad,"机器人马拉松倒数第一名，萌翻了🤣🤣🤣

",,8501.0,1,69e5e412000000001401b837,,6115630e0000000001002cfe,🤖马拉松放公共厕所的意义是?,2026.04.20,湖北,0.0,0.0,14,弱势|观众,弱势,观众,3,弱势,4,0.24463575596083242
69e47f8f000000001f007203,"2026年机器人马拉松状态，五年后再看🤣

",,5834.0,1,69ea126a000000001401d43b,,63ea0d0600000000260110a4,他们跑马拉松的意义是什么,2026.04.23,天津,0.0,0.0,12,混合|观众,混合,观众,2,,4,0.24463575596083242
69e481e8000000002003ad94,"

",,,1,69e62c5a000000001401a02a,,5de167eb0000000001008155,这个跑马拉松有什么意义,2026.04.20,黑龙江,0.0,0.0,11,强势|服务者,强势,服务者,2,强势成功,4,0.24463575596083242
69e48b0b000000001a02578c,"北京马拉松机器人中暑了🥵

",3334.0,467.0,1,69ef404c000000002b003d6a,,6672bbe60000000003031293,不懂机器人跑马拉松的意义在哪[捂脸R],2026.04.27,江西,89.0,8.0,19,失败|服务者,失败,服务者,3,失败,4,0.22649019844178103
69e481e8000000002003ad94,"

",,,1,69e6c04d000000001401dc12,,619e5d280000000021029783,机器人跑马拉松意义在哪,2026.04.21,河北,0.0,0.0,11,强势|服务者,强势,服务者,3,强势成功,4,0.22649019844178103
69e481e8000000002003ad94,"

",,,1,69e583e5000000001401e41c,,557504ec3397db04613d2c7a,机器人跑马拉松的意义是？,2026.04.20,广东,0.0,0.0,12,强势|服务者,强势,服务者,3,强势成功,4,0.22649019844178103
69e481e8000000002003ad94,"

",,,1,69eba8d60000000028037a35,,65475adb000000000d004856,机器人跑马拉松意义呢？,2026.04.25,新疆,0.0,0.0,11,强势|服务者,强势,服务者,3,强势成功,4,0.22649019844178103
69e481e8000000002003ad94,"

",,,1,69e6c49c000000001401e01a,,5df5dc1c000000000100544d,机器人跑马拉松，有什么意义？？,2026.04.21,山东,0.0,0.0,15,强势|服务者,强势,服务者,3,强势成功,4,0.22649019844178103
69e481e8000000002003ad94,"

",,,1,69e4a236000000001401e02f,,6530ea1f000000002a028143,机器人跑马拉松有啥意义？[doge],2026.04.19,山西,0.0,0.0,18,强势|服务者,强势,服务者,3,强势成功,4,0.22649019844178103
69df625d0000000021005c63,"“扶我起来，我还能再跑10公里”

",,9992.0,1,69e0a6cf000000001401c427,,6214c6e4000000001000969f,机器人跑马拉松有啥意义？,2026.04.16,河北,0.0,0.0,12,失败|观众,失败,观众,3,失败,4,0.22649019844178103
69df625d0000000021005c63,"“扶我起来，我还能再跑10公里”

",,9992.0,1,69e05bda000000001400b414,,60b071800000000001000705,机器人跑马拉松有什么意义呢？,2026.04.16,黑龙江,0.0,0.0,14,失败|观众,失败,观众,3,失败,4,0.22649019844178103
69e40352000000002102fc75,"机器人马拉松现场第一视角看全部队伍

",,1160.0,1,69e4afca000000001401a010,,5b1955d611be1041e6f18348,机器人跑马拉松的意义是什么？,2026.04.19,辽宁,0.0,0.0,14,常态|服务者,常态,服务者,3,常态,4,0.22649019844178103
69e40352000000002102fc75,"机器人马拉松现场第一视角看全部队伍

",,1160.0,1,69e49ba5000000001401c426,,655211d90000000008003f4f,所以，让机器人跑马拉松的意义是什么？,2026.04.19,四川,0.0,0.0,18,常态|服务者,常态,服务者,3,常态,4,0.22649019844178103
69e4426b000000001d01c7ed,"一个大的一个小的一个废的

",,7334.0,2,69e61291000000001401b832,69e59e5d000000001401a01c,691a5c1200000000370008ed,机器人跑马拉松的意义是啥,2026.04.20,广西,0.0,,12,混合|观众,混合,观众,3,,4,0.22649019844178103
69e447d2000000001d01aa01,"当算法有了腿，程序员万万没想到……

",,2912.0,2,69e46f0b000000001401981a,69e4636b0000000014018824,67ec9880000000000e01ce3a,人类跑马拉松是何意义啊？,2026.04.19,辽宁,0.0,,12,强势|服务者,强势,服务者,3,强势成功,4,0.2233480663702464
69da7e87000000001a03484e,"今晚的亦庄机器人马拉松测试

",,8169.0,1,69dafee4000000001400a5be,,5a094aa04eacab60354412e6,人跑马拉松的意义是什么？,2026.04.12,美国,9.0,14.0,12,强势|观众,强势,观众,3,强势成功,4,0.21266006730128847
69e481e8000000002003ad94,"

",,,2,69e4a666000000001401b016,69e49b570000000014019005,6899943b0000000028015f15,人跑马拉松的意义是什么呢？,2026.04.19,安徽,0.0,,13,强势|服务者,强势,服务者,3,强势成功,4,0.21266006730128847
69e481e8000000002003ad94,"

",,,2,69e4a896000000001401d80a,69e49b570000000014019005,602a1292000000000101c342,人跑马拉松的意义是什么[偷笑R],2026.04.19,山东,0.0,,16,强势|服务者,强势,服务者,3,强势成功,4,0.21266006730128847
69e447d2000000001d01aa01,"当算法有了腿，程序员万万没想到……

",,2912.0,2,69e574ad000000001401b816,69e4636b0000000014018824,5b8d1bada79fd20001b44e53,是的，这么说人跑马拉松也没有意义,2026.04.20,上海,0.0,,16,强势|服务者,强势,服务者,3,强势成功,4,0.21266006730128847
69e481e8000000002003ad94,"

",,,1,69ec0d95000000002701c254,,64dfe8af0000000001010af7,机器人来跑马拉松 那马拉松最开始的意义在哪[捂脸R],2026.04.25,安徽,0.0,0.0,26,强势|服务者,强势,服务者,5,强势成功,4,0.2115791870515485
69e43a5a000000001d01dcc7,"机器人嘲讽同伴

",1966.0,167.0,2,69e4664b000000001401ac1b,69e450da000000001401d82d,5fc2706d0000000001003859,怎么躺下了是马拉松不好玩嘛[doge],2026.04.19,北京,2.0,,19,常态|观众,常态,观众,2,常态,4,0.20685338326786495
69da7e87000000001a03484e,"今晚的亦庄机器人马拉松测试

",,8169.0,1,69db5ac0000000003502d4dc,,6421b3df0000000011022f55,狗屁马拉松松，这不是跑！这是走！,2026.04.12,辽宁,1.0,0.0,16,强势|观众,强势,观众,2,强势成功,4,0.20685338326786495
69e481e8000000002003ad94,"

",,,1,69e60e3a000000001401901a,,594a268282ec394694c47e13,马拉松已经走火入魔[笑哭R],2026.04.20,江苏,0.0,0.0,14,强势|服务者,强势,服务者,2,强势成功,4,0.20685338326786495
69e2583b00000000230211ea,"

",,2406.0,2,69e2f29a000000001401a014,69e2ec22000000001401a00d,675c405d000000001801eeaa,马拉松都有这个，记时用的,2026.04.18,河南,0.0,,12,失败|抢救者,失败,抢救者,2,失败,4,0.20685338326786495
69e47f8f000000001f007203,"2026年机器人马拉松状态，五年后再看🤣

",,5834.0,2,69fa15a7000000002900e185,69e55d77000000001401bc0e,62c3f4a3000000001902b1f4,cxy怎么跑马拉松去了,2026.05.06,陕西,0.0,,11,混合|观众,混合,观众,2,,4,0.20685338326786495
69e481e8000000002003ad94,"

",,,2,69e5b178000000001401bc0a,69e571d9000000001401c009,624958190000000010009b38,马拉松自古以来就不是娱乐节目吧,2026.04.20,福建,0.0,,15,强势|服务者,强势,服务者,3,强势成功,4,0.20685338326786495
69da7e87000000001a03484e,"今晚的亦庄机器人马拉松测试

",,8169.0,1,69db4ca10000000016016833,,558b7759f5a263631c9135c4,参加马拉松的意义是啥,2026.04.12,北京,0.0,0.0,10,强势|观众,强势,观众,3,强势成功,4,0.19230036929737818
69e481e8000000002003ad94,"

",,,1,69e58056000000001401ac1e,,63cbfcc30000000026005d3a,这玩意跑马拉松有啥意义？,2026.04.20,山东,0.0,0.0,12,强势|服务者,强势,服务者,3,强势成功,4,0.1886720541979164
69e47f8f000000001f007203,"2026年机器人马拉松状态，五年后再看🤣

",,5834.0,1,69e563190000000014019007,,632d4ea10000000023027dc7,他们马拉松有啥意义吗 比电池？,2026.04.20,黑龙江,0.0,0.0,15,混合|观众,混合,观众,3,,4,0.1877405673023318
69e634590000000022003bb5,"每个马拉松机器人，都有自己的热血故事。

",,824.0,2,69e8199b000000001401c411,69e81635000000001401a404,5cb5e3d6000000001002e4fc,降温的水吧？,2026.04.22,山东,16.0,,6,常态|观众,常态,观众,2,常态,5,0.27378373087719043
69e43b14000000001a02e095,"好萌的小黑仔跑马拉松

",,2760.0,1,69e44d77000000001401bc17,,5cc88e5b0000000011021e4e,笑死我了给ka降温,2026.04.19,上海,1.0,0.0,9,弱势|服务者,弱势,服务者,2,弱势,5,0.27378373087719043
69e481e8000000002003ad94,"

",,,1,69e498210000000014018832,,660658b3000000000b00cfe6,是我看错了么？在给kaka降温？,2026.04.19,四川,0.0,0.0,16,强势|服务者,强势,服务者,3,强势成功,5,0.27378373087719043
69e481e8000000002003ad94,"

",,,1,69e495d4000000001401c414,,593677a96f02d664fd15d424,跑得裤档也得降温了,2026.04.19,广东,0.0,0.0,9,强势|服务者,强势,服务者,2,强势成功,5,0.27378373087719043
69e481e8000000002003ad94,"

",,,1,69e57cf2000000001401c812,,69ab8a27000000003402f458,我要化了，快降温,2026.04.20,河南,0.0,0.0,8,强势|服务者,强势,服务者,2,强势成功,5,0.27378373087719043
69e481e8000000002003ad94,"

",,,1,69e4a3e80000000014019810,,5e52588d000000000100866d,冰碴[笑哭R]来降温？,2026.04.19,重庆,0.0,0.0,11,强势|服务者,强势,服务者,2,强势成功,5,0.27378373087719043
69e481e8000000002003ad94,"

",,,1,69e4a093000000001401e831,,5a9c909e4eacab63efad72d7,背冰🧊降温？,2026.04.19,浙江,0.0,0.0,6,强势|服务者,强势,服务者,2,强势成功,5,0.27378373087719043
69e481e8000000002003ad94,"

",,,1,69e4917e000000001401980e,,66628fdc000000000b031dce,古法降温,2026.04.19,广东,0.0,0.0,4,强势|服务者,强势,服务者,2,强势成功,5,0.27378373087719043
69e481e8000000002003ad94,"

",,,1,69e48bdc000000001401ac1b,,60d9cb86000000002002a347,加把油啊给它降温,2026.04.19,北京,0.0,0.0,8,强势|服务者,强势,服务者,2,强势成功,5,0.27378373087719043
69e43b14000000001a02e095,"好萌的小黑仔跑马拉松

",,2760.0,1,69e46c35000000001401cc2d,,5fa0dc67000000000101ef53,喷的啥？水嘛？降温吗？[笑哭R],2026.04.19,四川,0.0,0.0,16,弱势|服务者,弱势,服务者,2,弱势,5,0.27378373087719043
69e48b0b000000001a02578c,"北京马拉松机器人中暑了🥵

",3334.0,467.0,1,69f0eb43000000002803c6c3,,5fd80194000000000100aafc,降温 冷静[笑哭R][笑哭R],2026.04.29,浙江,0.0,0.0,15,失败|服务者,失败,服务者,2,失败,5,0.27378373087719043
69e481e8000000002003ad94,"

",,,2,69e4a634000000001401c418,69e4853b000000001401b022,60be1cf00000000001008475,应该是氯乙烷，降温,2026.04.19,重庆,0.0,,9,强势|服务者,强势,服务者,2,强势成功,5,0.27378373087719043
69e481e8000000002003ad94,"

",,,2,69e5819e000000001401e812,69e5810a0000000014019401,68493a65000000001d00bbe6,暖脚暖壶里应该是冰，也是降温,2026.04.20,陕西,0.0,,14,强势|服务者,强势,服务者,2,强势成功,5,0.27378373087719043
69e481e8000000002003ad94,"

",,,2,69e4ffdf000000001401d40b,69e4fb83000000001401c40c,67a5e751000000000e01de9e,冰块啊！应该是降温用的,2026.04.20,福建,35.0,,11,强势|服务者,强势,服务者,2,强势成功,5,0.2531091105106567
69e481e8000000002003ad94,"

",,,1,69e494c4000000001401b02e,,5fb3dc60000000000101d263,冰块降温 怕烧了,2026.04.19,重庆,0.0,0.0,8,强势|服务者,强势,服务者,2,强势成功,5,0.2531091105106567
69e481e8000000002003ad94,"

",,,1,69e752e2000000001401cc20,,6159c7f30000000002027139,加冰块降温.....,2026.04.21,广东,0.0,0.0,10,强势|服务者,强势,服务者,2,强势成功,5,0.2531091105106567
69e481e8000000002003ad94,"

",,,1,69e70904000000001401a803,,5f1eda08000000000101cd41,加冰块降温,2026.04.21,贵州,0.0,0.0,5,强势|服务者,强势,服务者,2,强势成功,5,0.2531091105106567
69e481e8000000002003ad94,"

",,,1,69e6e5c0000000001401e00e,,5ddaa01c0000000001007b37,还得加冰块降温,2026.04.21,北京,0.0,0.0,7,强势|服务者,强势,服务者,3,强势成功,5,0.2531091105106567
69e481e8000000002003ad94,"

",,,1,69e6d8be000000001401ac10,,5f0ae46a0000000001000801,加冰块降温啊,2026.04.21,湖南,0.0,0.0,6,强势|服务者,强势,服务者,2,强势成功,5,0.2531091105106567
69e481e8000000002003ad94,"

",,,1,69e628c3000000001401c014,,5a6f4a3d4eacab6f2983ec43,冰块降温啊[笑哭R][笑哭R][笑哭R][笑哭R],2026.04.20,广东,0.0,0.0,25,强势|服务者,强势,服务者,2,强势成功,5,0.2531091105106567
69e481e8000000002003ad94,"

",,,1,69e60a7d000000001401dc2c,,6243dbe40000000010006a0d,加冰块降温[偷笑R],2026.04.20,广西,0.0,0.0,10,强势|服务者,强势,服务者,2,强势成功,5,0.2531091105106567
69e481e8000000002003ad94,"

",,,1,69e60a24000000001401bc18,,695bcec00000000037005e83,倒冰块降温吧,2026.04.20,江西,0.0,0.0,6,强势|服务者,强势,服务者,2,强势成功,5,0.2531091105106567
69e481e8000000002003ad94,"

",,,1,69e5e1ea000000001401b00f,,68347fe5000000001b01a8b1,冰块降温？[捂脸R],2026.04.20,英国,0.0,0.0,10,强势|服务者,强势,服务者,2,强势成功,5,0.2531091105106567
69e481e8000000002003ad94,"

",,,1,69e59de3000000001401e022,,5c35cbeb000000000602a5d3,冰块降温？,2026.04.20,广东,0.0,0.0,5,强势|服务者,强势,服务者,2,强势成功,5,0.2531091105106567
69e481e8000000002003ad94,"

",,,1,69e573ec000000001401b809,,5ddcb9660000000001004860,冰块降温吗？[偷笑R],2026.04.20,上海,0.0,0.0,11,强势|服务者,强势,服务者,2,强势成功,5,0.2531091105106567
69e481e8000000002003ad94,"

",,,1,69e56eef000000001401c408,,62039caa0000000010006ff7,冰块降温[笑哭R],2026.04.20,湖南,0.0,0.0,9,强势|服务者,强势,服务者,2,强势成功,5,0.2531091105106567
69e481e8000000002003ad94,"

",,,1,69e4a55a000000001401cc32,,67ef9d6c000000000e02e918,冰块降温,2026.04.19,河北,0.0,0.0,4,强势|服务者,强势,服务者,2,强势成功,5,0.2531091105106567
69e481e8000000002003ad94,"

",,,1,69e49f9b0000000014019426,,6056cdd7000000000100acd7,冰块是降温的。,2026.04.19,上海,0.0,0.0,7,强势|服务者,强势,服务者,2,强势成功,5,0.2531091105106567
69e481e8000000002003ad94,"

",,,1,69e49349000000001401cc3b,,66518a850000000003032945,倒的是冰块吗？降温？,2026.04.19,江苏,0.0,0.0,10,强势|服务者,强势,服务者,2,强势成功,5,0.2531091105106567
69e481e8000000002003ad94,"

",,,1,69e49b2c0000000014018c07,,63877693000000001f014869,直接倒冰块降温啊[呃R],2026.04.19,江苏,0.0,0.0,12,强势|服务者,强势,服务者,2,强势成功,5,0.2531091105106567
69e481e8000000002003ad94,"

",,,2,69e4a74d0000000014018819,69e490ae000000001401d42a,5d3c647e0000000016007e91,都说了是跑步，轮子还叫跑步吗,2026.04.19,浙江,0.0,,14,强势|服务者,强势,服务者,3,强势成功,6,0.2901125398508917
69e481e8000000002003ad94,"

",,,2,69e4a92f000000001401d433,69e490ae000000001401d42a,5c9cd62b0000000016028eee,有轮子也不叫跑步呀,2026.04.19,天津,0.0,,9,强势|服务者,强势,服务者,2,强势成功,6,0.26783988022357197
69e481e8000000002003ad94,"

",,,2,69ec4545000000002a007b4b,69e490ae000000001401d42a,60f97693000000000101e5d1,换轮子，就不叫跑步了,2026.04.25,浙江,0.0,,10,强势|服务者,强势,服务者,2,强势成功,6,0.26783988022357197
69e481e8000000002003ad94,"

",,,2,69edb59b00000000290378ae,69e490ae000000001401d42a,661f7de1000000000b031040,用轮子就不叫跑步了。,2026.04.26,辽宁,0.0,,10,强势|服务者,强势,服务者,2,强势成功,6,0.26783988022357197
69e481e8000000002003ad94,"

",,,2,69e49839000000001401d829,69e490ae000000001401d42a,64609d08000000002a008322,轮子那还叫跑步么[偷笑R],2026.04.19,山东,0.0,,13,强势|服务者,强势,服务者,2,强势成功,6,0.26783988022357197
69e481e8000000002003ad94,"

",,,2,69e4a9100000000014019023,69e490ae000000001401d42a,5bbd6008c91fa100015012ec,轮子那叫跑步吗,2026.04.19,广东,0.0,,7,强势|服务者,强势,服务者,2,强势成功,6,0.26783988022357197
69e481e8000000002003ad94,"

",,,2,69e58e68000000001401c817,69e490ae000000001401d42a,567aa5375e87e72066bbb86a,轮子那叫跑步吗[汗颜R],2026.04.20,辽宁,0.0,,12,强势|服务者,强势,服务者,2,强势成功,6,0.26783988022357197
69e481e8000000002003ad94,"

",,,2,69e5e4b4000000001401d415,69e490ae000000001401d42a,647c8db50000000012037d5c,有轮子那还叫比跑步吗[失望R],2026.04.20,北京,0.0,,15,强势|服务者,强势,服务者,2,强势成功,6,0.26783988022357197
69e481e8000000002003ad94,"

",,,2,69e49f4d000000001401bc0c,69e490ae000000001401d42a,639c10ba0000000026005670,因为这个是机器人跑步比赛，不是机器车，另外跑步是用腿，用轮子就不叫跑步了,2026.04.19,海南,0.0,,36,强势|服务者,强势,服务者,8,强势成功,6,0.2659809748123785
69e481e8000000002003ad94,"

",,,2,69e8905b000000001401cc0e,69e490ae000000001401d42a,5d4b9d12000000001001a521,跑步！跑步！,2026.04.22,天津,1.0,,6,强势|服务者,强势,服务者,2,强势成功,6,0.26574220109639823
69e481e8000000002003ad94,"

",,,2,69e89086000000001401cc0a,69e592e5000000001401dc07,5d4b9d12000000001001a521,装轮儿还叫跑步嘛？,2026.04.22,天津,1.0,,9,强势|服务者,强势,服务者,2,强势成功,6,0.26574220109639823
69e2583b00000000230211ea,"

",,2406.0,1,69e2fa36000000001401c035,,660ff4a20000000007005803,跑步就跑步嘛，怎么还自己给自己拆了？,2026.04.18,福建,0.0,0.0,18,失败|抢救者,失败,抢救者,2,失败,6,0.26574220109639823
69da7e87000000001a03484e,"今晚的亦庄机器人马拉松测试

",,8169.0,1,69dba3ad000000000d0351cc,,59f33cd14eacab321d9168c1,跑步怎么不送髋,2026.04.12,广东,0.0,0.0,7,强势|观众,强势,观众,2,强势成功,6,0.26574220109639823
69e481e8000000002003ad94,"

",,,1,69e6e39d000000001401c026,,5dfb0a00000000000100bcd7,他跑步那么像樟若楠,2026.04.21,广东,0.0,0.0,9,强势|服务者,强势,服务者,2,强势成功,6,0.26574220109639823
69e4412a000000002103883f,"荣耀闪电队-齐天大圣夺冠！

",3517.0,445.0,1,69e4a5c3000000001401c43c,,586492407fc5b87f15c6bb9d,很像贵州断臂猴来福跑步[偷笑R],2026.04.19,北京,0.0,0.0,16,强势|观众,强势,观众,4,强势成功,6,0.26574220109639823
69e47f8f000000001f007203,"2026年机器人马拉松状态，五年后再看🤣

",,5834.0,2,69e7a058000000001401b017,69e7a000000000001401dc1c,5ca8926d000000001003f734,哈哈哈哈哈你跑步咋被拍下来了,2026.04.22,四川,0.0,,14,混合|观众,混合,观众,2,,6,0.26574220109639823
69e481e8000000002003ad94,"

",,,2,69e49ca2000000001401ac11,69e490ae000000001401d42a,58d4cfd250c4b46a984954b7,没有没有的事， 咱家和就是个跑步的 图个喜庆[偷笑R],2026.04.19,陕西,0.0,,27,强势|服务者,强势,服务者,4,强势成功,6,0.26574220109639823
69e481e8000000002003ad94,"

",,,2,69e497e6000000001401b019,69e490ae000000001401d42a,60bc9406000000000100568b,没腿叫跑步？,2026.04.19,河南,0.0,,6,强势|服务者,强势,服务者,2,强势成功,6,0.26574220109639823
69e481e8000000002003ad94,"

",,,1,69ec42bc0000000027020dd6,,5d50ec85000000001002195d,以后还真有可能机器人跑步比赛,2026.04.25,福建,0.0,0.0,14,强势|服务者,强势,服务者,3,强势成功,6,0.24807917735464657
69e481e8000000002003ad94,"

",,,2,69e496580000000014018c10,69e490ae000000001401d42a,69c001610000000033028a1d,用轮子那叫赛车，不叫跑步[笑哭R],2026.04.19,广东,3.0,,17,强势|服务者,强势,服务者,3,强势成功,6,0.233432562681585
69e481e8000000002003ad94,"

",,,2,69e49765000000001401e820,69e490ae000000001401d42a,683075f5000000000d00be91,用轮子那是赛车，不是跑步[doge],2026.04.19,广东,1.0,,18,强势|服务者,强势,服务者,3,强势成功,6,0.233432562681585
69e481e8000000002003ad94,"

",,,2,69e4e618000000001401dc08,69e490ae000000001401d42a,5f8f815000000000010049c4,有轮子还叫跑步？那不是赛车？[失望R],2026.04.19,广西,1.0,,19,强势|服务者,强势,服务者,3,强势成功,6,0.233432562681585
69e481e8000000002003ad94,"

",,,2,69e4a1ab000000001401e826,69e490ae000000001401d42a,5cfa440e000000000500e089,因为有轮子的不叫跑步，叫赛车[笑哭R][笑哭R][笑哭R],2026.04.19,江苏,0.0,,29,强势|服务者,强势,服务者,3,强势成功,6,0.233432562681585
69e481e8000000002003ad94,"

",,,2,69e49a7b000000001401a022,69e490ae000000001401d42a,5f7b0204000000000100b6dc,有轮子那是比跑步吗？那是赛车,2026.04.19,上海,0.0,,14,强势|服务者,强势,服务者,3,强势成功,6,0.233432562681585
69e634590000000022003bb5,"每个马拉松机器人，都有自己的热血故事。

",,824.0,1,69e77110000000001401b027,,5f5cd1a60000000001008cea,看机器人跑步看哭了[笑哭R],2026.04.21,浙江,2.0,0.0,14,常态|观众,常态,观众,2,常态,6,0.225830081960865
69e429b4000000001b00037a,"张杰演唱会机器人来参加半马了？？

",,2026.0,1,69e45e8c0000000014019807,,6602d144000000000b00d698,这个机器人跑步我看的津津有味了,2026.04.19,上海,1.0,0.0,15,常态|观众,常态,观众,3,常态,6,0.225830081960865
69e47f8f000000001f007203,"2026年机器人马拉松状态，五年后再看🤣

",,5834.0,1,69e75d2c000000001401980e,,617e32e6000000000201e7e5,机器人跑步也要甩手吗？而且还不能同手同脚[偷笑R],2026.04.21,湖南,0.0,0.0,25,混合|观众,混合,观众,5,,6,0.225830081960865
69e481e8000000002003ad94,"

",,,1,69e4a8f8000000001401981b,,63eb91a500000000270281df,机器人跑步也磨蛋么？,2026.04.19,江西,0.0,0.0,10,强势|服务者,强势,服务者,2,强势成功,6,0.225830081960865
69e43b14000000001a02e095,"好萌的小黑仔跑马拉松

",,2760.0,1,69e47102000000001401c023,,636aa764000000001f0183d1,为什么不给他穿上跑步鞋 [doge],2026.04.19,湖北,0.0,0.0,18,弱势|服务者,弱势,服务者,2,弱势,6,0.2247529267546013
69e481e8000000002003ad94,"

",,,2,69e61b2a000000001401bc04,69e490ae000000001401d42a,66a089b4000000002401da32,因为这是人形机器人跑步比赛,2026.04.20,福建,0.0,,13,强势|服务者,强势,服务者,3,强势成功,6,0.21984893019965512
