post_category,ngram,count
all,哈哈哈哈,575
all,[笑哭R,319
all,笑哭R],319
all,[捂脸R,122
all,捂脸R],122
all,[偷笑R,111
all,偷笑R],111
all,R][笑,86
all,][笑哭,86
all,[dog,84
all,doge,84
all,oge],84
all,哭R][,81
all,笑死我了,55
all,个机器人,45
all,的机器人,42
all,@mom,42
all,momo,42
all,R][捂,39
all,][捂脸,38
all,脸R][,36
all,笑R][,35
all,[大笑R,28
all,大笑R],28
all,机器人跑,26
"humane,nohuman",[笑哭R,678
"humane,nohuman",笑哭R],678
"humane,nohuman",[dog,344
"humane,nohuman",doge,344
"humane,nohuman",oge],344
"humane,nohuman",[偷笑R,337
"humane,nohuman",偷笑R],337
"humane,nohuman",[捂脸R,268
"humane,nohuman",捂脸R],268
"humane,nohuman",个机器人,197
"humane,nohuman",哈哈哈哈,192
"humane,nohuman",一个机器,167
"humane,nohuman",][笑哭,159
"humane,nohuman",R][笑,158
"humane,nohuman",哭R][,147
"humane,nohuman",[点赞R,128
"humane,nohuman",点赞R],128
"humane,nohuman",机器人跑,119
"humane,nohuman",笑R][,107
"humane,nohuman",跑马拉松,101
"humane,nohuman",机器人，,79
"humane,nohuman",[失望R,78
"humane,nohuman",失望R],78
"humane,nohuman",][偷笑,78
"humane,nohuman",赞R][,77
"lovely,nohuman",[笑哭R,200
"lovely,nohuman",笑哭R],200
"lovely,nohuman",哈哈哈哈,179
"lovely,nohuman",[偷笑R,79
"lovely,nohuman",偷笑R],79
"lovely,nohuman",[捂脸R,72
"lovely,nohuman",捂脸R],72
"lovely,nohuman",[大笑R,62
"lovely,nohuman",大笑R],62
"lovely,nohuman",笑R][,54
"lovely,nohuman",][笑哭,51
"lovely,nohuman",R][笑,50
"lovely,nohuman",太可爱了,50
"lovely,nohuman",哭R][,47
"lovely,nohuman",[dog,42
"lovely,nohuman",doge,42
"lovely,nohuman",oge],42
"lovely,nohuman",momo,37
"lovely,nohuman",@mom,34
"lovely,nohuman",[哭惹R,33
"lovely,nohuman",哭惹R],33
"lovely,nohuman",R][大,32
"lovely,nohuman",][大笑,32
"lovely,nohuman",R][捂,28
"lovely,nohuman",鲁班七号,27
"strong,human",哈哈哈哈,75
"strong,human",[笑哭R,23
"strong,human",笑哭R],23
"strong,human",[偷笑R,17
"strong,human",偷笑R],17
"strong,human",[捂脸R,17
"strong,human",捂脸R],17
"strong,human",[dog,10
"strong,human",doge,10
"strong,human",oge],10
"strong,human",的机器人,9
"strong,human",[点赞R,9
"strong,human",点赞R],9
"strong,human",脸R][,7
"strong,human",@mom,7
"strong,human",momo,7
"strong,human",机器人追,6
"strong,human",机器人跑,6
"strong,human",[赞R],5
"strong,human",[黄金薯,5
"strong,human",黄金薯R,5
"strong,human",金薯R],5
"strong,human",[哭惹R,5
"strong,human",哭惹R],5
"strong,human",R][捂,5
"strong,nohuman",[笑哭R,357
"strong,nohuman",笑哭R],357
"strong,nohuman",[dog,241
"strong,nohuman",doge,241
"strong,nohuman",oge],241
"strong,nohuman",哈哈哈哈,211
"strong,nohuman",[偷笑R,159
"strong,nohuman",偷笑R],159
"strong,nohuman",[捂脸R,156
"strong,nohuman",捂脸R],156
"strong,nohuman",🦵🦵🦵🦵,98
"strong,nohuman",的机器人,74
"strong,nohuman",][笑哭,73
"strong,nohuman",R][笑,72
"strong,nohuman",哭R][,69
"strong,nohuman",机器人跑,61
"strong,nohuman",[点赞R,52
"strong,nohuman",点赞R],52
"strong,nohuman",跑马拉松,47
"strong,nohuman",[汗颜R,46
"strong,nohuman",汗颜R],46
"strong,nohuman",跑这么快,46
"strong,nohuman",[呃R],44
"strong,nohuman",最后一个,43
"strong,nohuman",八步赶蝉,43
unknown,[哭惹R,34
unknown,哭惹R],34
unknown,惹R][,33
unknown,R][哭,33
unknown,][哭惹,33
unknown,[笑哭R,7
unknown,笑哭R],7
unknown,[捂脸R,4
unknown,捂脸R],4
unknown,哭R][,4
unknown,R][笑,4
unknown,][笑哭,4
unknown,R][飞,4
unknown,][飞吻,4
unknown,[飞吻R,4
unknown,飞吻R],4
unknown,吻R][,4
unknown,脸R][,2
unknown,R][捂,2
unknown,][捂脸,2
unknown,[失望R,2
unknown,失望R],2
unknown,了[do,2
unknown,[dog,2
unknown,doge,2
"weak,human",哈哈哈哈,295
"weak,human",[笑哭R,59
"weak,human",笑哭R],59
"weak,human",momo,25
"weak,human",[dog,22
"weak,human",doge,22
"weak,human",oge],22
"weak,human",@mom,22
"weak,human",[捂脸R,16
"weak,human",捂脸R],16
"weak,human",R][笑,16
"weak,human",][笑哭,16
"weak,human",哭R][,14
"weak,human",[呃R],13
"weak,human",是机器人,11
"weak,human",@小红薯,11
"weak,human",小红薯6,11
"weak,human",[石化R,11
"weak,human",石化R],11
"weak,human",救机器人,9
"weak,human",机器人，,8
"weak,human",的机器人,8
"weak,human",[偷笑R,8
"weak,human",偷笑R],8
"weak,human",以为是机,7
"weak,nohuman",哈哈哈哈,985
"weak,nohuman",[笑哭R,488
"weak,nohuman",笑哭R],488
"weak,nohuman",[捂脸R,206
"weak,nohuman",捂脸R],206
"weak,nohuman",R][笑,161
"weak,nohuman",][笑哭,161
"weak,nohuman",哭R][,156
"weak,nohuman",[偷笑R,143
"weak,nohuman",偷笑R],143
"weak,nohuman",[dog,131
"weak,nohuman",doge,131
"weak,nohuman",oge],131
"weak,nohuman",笑R][,73
"weak,nohuman",momo,67
"weak,nohuman",@mom,61
"weak,nohuman",了[笑哭,53
"weak,nohuman",[大笑R,50
"weak,nohuman",大笑R],50
"weak,nohuman",脸R][,45
"weak,nohuman",][捂脸,43
"weak,nohuman",R][偷,43
"weak,nohuman",][偷笑,43
"weak,nohuman",R][捂,42
"weak,nohuman",[失望R,40
